[{"model": "recipes.ingredient", "pk": 1, "fields": {"title": "абрикосовое варенье", "dimension": "г"}}, {"model": "recipes.ingredient", "pk": 2, "fields": {"title": "абрикосовое пюре", "dimension": "г"}}, {"model": "recipes.ingredient", "pk": 3, "fields": {"title": "абрикосовый джем", "dimension": "г"}}, {"model": "recipes.ingredient", "pk": 4, "fields": {"title": "абрикосовый сок", "dimension": "стакан"}}, {"model": "recipes.ingredient", "pk": 5, "fields": {"title": "абрикосы", "dimension": "г"}}, {"model": "recipes.ingredient", "pk": 6, "fields": {"title": "абрикосы консервированные", "dimension": "г"}}, {"model": "recipes.ingredient", "pk": 7, "fields": {"title": "авокадо", "dimension": "по вкусу"}}, {"model": "recipes.ingredient", "pk": 8, "fields": {"title": "агава сироп", "dimension": "г"}}, {"model": "recipes.ingredient", "pk": 9, "fields": {"title": "агар-агар", "dimension": "г"}}, {"model": "recipes.ingredient", "pk": 10, "fields": {"title": "аграм", "dimension": "г"}}, {"model": "recipes.ingredient", "pk": 11, "fields": {"title": "аджика", "dimension": "г"}}, {"model": "recipes.ingredient", "pk": 12, "fields": {"title": "аджика зеленая", "dimension": "г"}}, {"model": "recipes.ingredient", "pk": 13, "fields": {"title": "айва", "dimension": "по вкусу"}}, {"model": "recipes.ingredient", "pk": 14, "fields": {"title": "айвовое пюре", "dimension": "г"}}, {"model": "recipes.ingredient", "pk": 15, "fields": {"title": "айран", "dimension": "г"}}, {"model": "recipes.ingredient", "pk": 16, "fields": {"title": "айсинг", "dimension": "г"}}, {"model": "recipes.ingredient", "pk": 17, "fields": {"title": "акула стейки", "dimension": "г"}}, {"model": "recipes.ingredient", "pk": 18, "fields": {"title": "алкоголь", "dimension": "стакан"}}, {"model": "recipes.ingredient", "pk": 19, "fields": {"title": "алкоголь крепкий", "dimension": "ст. л."}}, {"model": "recipes.ingredient", "pk": 20, "fields": {"title": "алыча", "dimension": "г"}}, {"model": "recipes.ingredient", "pk": 21, "fields": {"title": "альбухара", "dimension": "шт."}}, {"model": "recipes.ingredient", "pk": 22, "fields": {"title": "альмехи", "dimension": "г"}}, {"model": "recipes.ingredient", "pk": 23, "fields": {"title": "амарантовая мука", "dimension": "г"}}, {"model": "recipes.ingredient", "pk": 24, "fields": {"title": "ананасовый сироп", "dimension": "г"}}, {"model": "recipes.ingredient", "pk": 25, "fields": {"title": "ананасовый сок", "dimension": "г"}}, {"model": "recipes.ingredient", "pk": 26, "fields": {"title": "ананасы", "dimension": "г"}}, {"model": "recipes.ingredient", "pk": 27, "fields": {"title": "ананасы вяленые", "dimension": "г"}}, {"model": "recipes.ingredient", "pk": 28, "fields": {"title": "ананасы консервированные", "dimension": "по вкусу"}}, {"model": "recipes.ingredient", "pk": 29, "fields": {"title": "анис", "dimension": "по вкусу"}}, {"model": "recipes.ingredient", "pk": 30, "fields": {"title": "анис звездочки", "dimension": "г"}}, {"model": "recipes.ingredient", "pk": 31, "fields": {"title": "анисовый ликер", "dimension": "мл"}}, {"model": "recipes.ingredient", "pk": 32, "fields": {"title": "анис семена", "dimension": "г"}}, {"model": "recipes.ingredient", "pk": 33, "fields": {"title": "анчоусы", "dimension": "г"}}, {"model": "recipes.ingredient", "pk": 34, "fields": {"title": "апельсиновая вода", "dimension": "г"}}, {"model": "recipes.ingredient", "pk": 35, "fields": {"title": "апельсиновая цедра", "dimension": "г"}}, {"model": "recipes.ingredient", "pk": 36, "fields": {"title": "апельсиновая эссенция", "dimension": "ч. л."}}, {"model": "recipes.ingredient", "pk": 37, "fields": {"title": "апельсиновое варенье", "dimension": "г"}}, {"model": "recipes.ingredient", "pk": 38, "fields": {"title": "апельсиновые цукаты", "dimension": "г"}}, {"model": "recipes.ingredient", "pk": 39, "fields": {"title": "апельсиновый джем", "dimension": "г"}}, {"model": "recipes.ingredient", "pk": 40, "fields": {"title": "апельсиновый джем с имбирем", "dimension": "г"}}, {"model": "recipes.ingredient", "pk": 41, "fields": {"title": "апельсиновый ликер", "dimension": "г"}}, {"model": "recipes.ingredient", "pk": 42, "fields": {"title": "апельсиновый сироп", "dimension": "стакан"}}, {"model": "recipes.ingredient", "pk": 43, "fields": {"title": "апельсиновый сок", "dimension": "по вкусу"}}, {"model": "recipes.ingredient", "pk": 44, "fields": {"title": "апельсиновый сок свежевыжатый", "dimension": "г"}}, {"model": "recipes.ingredient", "pk": 45, "fields": {"title": "апельсиновый уксус", "dimension": "ст. л."}}, {"model": "recipes.ingredient", "pk": 46, "fields": {"title": "апельсиновый экстракт", "dimension": "ч. л."}}, {"model": "recipes.ingredient", "pk": 47, "fields": {"title": "апельсины", "dimension": "г"}}, {"model": "recipes.ingredient", "pk": 48, "fields": {"title": "апельсины красные", "dimension": "шт."}}, {"model": "recipes.ingredient", "pk": 49, "fields": {"title": "апельсины крупные", "dimension": "шт."}}, {"model": "recipes.ingredient", "pk": 50, "fields": {"title": "арахис", "dimension": "г"}}, {"model": "recipes.ingredient", "pk": 51, "fields": {"title": "арахис жареный", "dimension": "г"}}, {"model": "recipes.ingredient", "pk": 52, "fields": {"title": "арахисовая паста", "dimension": "г"}}, {"model": "recipes.ingredient", "pk": 53, "fields": {"title": "арахисовое масло", "dimension": "г"}}, {"model": "recipes.ingredient", "pk": 54, "fields": {"title": "арахис соленый", "dimension": "г"}}, {"model": "recipes.ingredient", "pk": 55, "fields": {"title": "арбузная мякоть", "dimension": "г"}}, {"model": "recipes.ingredient", "pk": 56, "fields": {"title": "арбузы", "dimension": "г"}}, {"model": "recipes.ingredient", "pk": 57, "fields": {"title": "аргановое масло", "dimension": "г"}}, {"model": "recipes.ingredient", "pk": 58, "fields": {"title": "аришта", "dimension": "г"}}, {"model": "recipes.ingredient", "pk": 59, "fields": {"title": "ароматизатор", "dimension": "г"}}, {"model": "recipes.ingredient", "pk": 60, "fields": {"title": "ароматизатор \"ананас\"", "dimension": "по вкусу"}}, {"model": "recipes.ingredient", "pk": 61, "fields": {"title": "ароматизатор \"вишня\"", "dimension": "капля"}}, {"model": "recipes.ingredient", "pk": 62, "fields": {"title": "ароматизатор \"малина\"", "dimension": "капля"}}, {"model": "recipes.ingredient", "pk": 63, "fields": {"title": "ароматизатор \"ром\"", "dimension": "г"}}, {"model": "recipes.ingredient", "pk": 64, "fields": {"title": "артишоки", "dimension": "г"}}, {"model": "recipes.ingredient", "pk": 65, "fields": {"title": "артишоки в масле", "dimension": "г"}}, {"model": "recipes.ingredient", "pk": 66, "fields": {"title": "артишоки маринованные", "dimension": "г"}}, {"model": "recipes.ingredient", "pk": 67, "fields": {"title": "аспирин", "dimension": "шт."}}, {"model": "recipes.ingredient", "pk": 68, "fields": {"title": "ассорти мясное", "dimension": "г"}}, {"model": "recipes.ingredient", "pk": 69, "fields": {"title": "ассорти овощное", "dimension": "г"}}, {"model": "recipes.ingredient", "pk": 70, "fields": {"title": "ассорти фруктовое", "dimension": "г"}}, {"model": "recipes.ingredient", "pk": 71, "fields": {"title": "ассорти ягодное", "dimension": "г"}}, {"model": "recipes.ingredient", "pk": 72, "fields": {"title": "аши", "dimension": "г"}}, {"model": "recipes.ingredient", "pk": 73, "fields": {"title": "багет", "dimension": "г"}}, {"model": "recipes.ingredient", "pk": 74, "fields": {"title": "багет вчерашний", "dimension": "г"}}, {"model": "recipes.ingredient", "pk": 75, "fields": {"title": "багет мини", "dimension": "г"}}, {"model": "recipes.ingredient", "pk": 76, "fields": {"title": "бадан", "dimension": "звездочка"}}, {"model": "recipes.ingredient", "pk": 77, "fields": {"title": "бадьян", "dimension": "щепотка"}}, {"model": "recipes.ingredient", "pk": 78, "fields": {"title": "базилик лимонный", "dimension": "г"}}, {"model": "recipes.ingredient", "pk": 79, "fields": {"title": "базилик свежий", "dimension": "г"}}, {"model": "recipes.ingredient", "pk": 80, "fields": {"title": "базилик сушеный", "dimension": "г"}}, {"model": "recipes.ingredient", "pk": 81, "fields": {"title": "базилик тайский", "dimension": "горсть"}}, {"model": "recipes.ingredient", "pk": 82, "fields": {"title": "базилик фиолетовый", "dimension": "г"}}, {"model": "recipes.ingredient", "pk": 83, "fields": {"title": "баклажаны", "dimension": "по вкусу"}}, {"model": "recipes.ingredient", "pk": 84, "fields": {"title": "баклажаны мини", "dimension": "г"}}, {"model": "recipes.ingredient", "pk": 85, "fields": {"title": "баклажаны тайские", "dimension": "г"}}, {"model": "recipes.ingredient", "pk": 86, "fields": {"title": "балык", "dimension": "г"}}, {"model": "recipes.ingredient", "pk": 87, "fields": {"title": "бальзам", "dimension": "г"}}, {"model": "recipes.ingredient", "pk": 88, "fields": {"title": "бальзамический крем", "dimension": "стакан"}}, {"model": "recipes.ingredient", "pk": 89, "fields": {"title": "бальзамический соус", "dimension": "ст. л."}}, {"model": "recipes.ingredient", "pk": 90, "fields": {"title": "бальзамический уксус", "dimension": "стакан"}}, {"model": "recipes.ingredient", "pk": 91, "fields": {"title": "бальзам рижский черный", "dimension": "ст. л."}}, {"model": "recipes.ingredient", "pk": 92, "fields": {"title": "бамия", "dimension": "г"}}, {"model": "recipes.ingredient", "pk": 93, "fields": {"title": "банановое пюре", "dimension": "г"}}, {"model": "recipes.ingredient", "pk": 94, "fields": {"title": "банановые чипсы", "dimension": "горсть"}}, {"model": "recipes.ingredient", "pk": 95, "fields": {"title": "банановый зеленый сироп", "dimension": "мл"}}, {"model": "recipes.ingredient", "pk": 96, "fields": {"title": "банановый ликер", "dimension": "мл"}}, {"model": "recipes.ingredient", "pk": 97, "fields": {"title": "бананы", "dimension": "г"}}, {"model": "recipes.ingredient", "pk": 98, "fields": {"title": "бананы мини", "dimension": "г"}}, {"model": "recipes.ingredient", "pk": 99, "fields": {"title": "барабулька", "dimension": "г"}}, {"model": "recipes.ingredient", "pk": 100, "fields": {"title": "бараний ливер", "dimension": "г"}}, {"model": "recipes.ingredient", "pk": 101, "fields": {"title": "бараний окорок на косточке", "dimension": "кусок"}}, {"model": "recipes.ingredient", "pk": 102, "fields": {"title": "бараний фарш", "dimension": "г"}}, {"model": "recipes.ingredient", "pk": 103, "fields": {"title": "баранина", "dimension": "г"}}, {"model": "recipes.ingredient", "pk": 104, "fields": {"title": "баранки", "dimension": "г"}}, {"model": "recipes.ingredient", "pk": 105, "fields": {"title": "бараньи антрекоты", "dimension": "кг"}}, {"model": "recipes.ingredient", "pk": 106, "fields": {"title": "бараньи голяшки", "dimension": "шт."}}, {"model": "recipes.ingredient", "pk": 107, "fields": {"title": "бараньи потроха", "dimension": "кг"}}, {"model": "recipes.ingredient", "pk": 108, "fields": {"title": "бараньи ребрышки", "dimension": "шт."}}, {"model": "recipes.ingredient", "pk": 109, "fields": {"title": "баранья лопатка", "dimension": "кг"}}, {"model": "recipes.ingredient", "pk": 110, "fields": {"title": "баранья нога", "dimension": "г"}}, {"model": "recipes.ingredient", "pk": 111, "fields": {"title": "баранья печень", "dimension": "г"}}, {"model": "recipes.ingredient", "pk": 112, "fields": {"title": "барбарис", "dimension": "г"}}, {"model": "recipes.ingredient", "pk": 113, "fields": {"title": "барбарис вяленый", "dimension": "ст. л."}}, {"model": "recipes.ingredient", "pk": 114, "fields": {"title": "барбарис молотый", "dimension": "г"}}, {"model": "recipes.ingredient", "pk": 115, "fields": {"title": "бастурма", "dimension": "г"}}, {"model": "recipes.ingredient", "pk": 116, "fields": {"title": "батат", "dimension": "г"}}, {"model": "recipes.ingredient", "pk": 117, "fields": {"title": "батон", "dimension": "г"}}, {"model": "recipes.ingredient", "pk": 118, "fields": {"title": "батончики шоколадные", "dimension": "г"}}, {"model": "recipes.ingredient", "pk": 119, "fields": {"title": "безе", "dimension": "г"}}, {"model": "recipes.ingredient", "pk": 120, "fields": {"title": "бекон", "dimension": "по вкусу"}}, {"model": "recipes.ingredient", "pk": 121, "fields": {"title": "бекон варено-копченый", "dimension": "г"}}, {"model": "recipes.ingredient", "pk": 122, "fields": {"title": "бекон сырокопченый", "dimension": "г"}}, {"model": "recipes.ingredient", "pk": 123, "fields": {"title": "белорыбица", "dimension": "г"}}, {"model": "recipes.ingredient", "pk": 124, "fields": {"title": "бирнель", "dimension": "мл"}}, {"model": "recipes.ingredient", "pk": 125, "fields": {"title": "бисквик смесь готовая", "dimension": "пакет"}}, {"model": "recipes.ingredient", "pk": 126, "fields": {"title": "бисквит", "dimension": "г"}}, {"model": "recipes.ingredient", "pk": 127, "fields": {"title": "бисквитная крошка", "dimension": "г"}}, {"model": "recipes.ingredient", "pk": 128, "fields": {"title": "бисквитный корж", "dimension": "г"}}, {"model": "recipes.ingredient", "pk": 129, "fields": {"title": "бисквитный рулет", "dimension": "г"}}, {"model": "recipes.ingredient", "pk": 130, "fields": {"title": "бисквит шоколадный", "dimension": "г"}}, {"model": "recipes.ingredient", "pk": 131, "fields": {"title": "бифштекс", "dimension": "шт."}}, {"model": "recipes.ingredient", "pk": 132, "fields": {"title": "блинная мука", "dimension": "г"}}, {"model": "recipes.ingredient", "pk": 133, "fields": {"title": "блины готовые", "dimension": "г"}}, {"model": "recipes.ingredient", "pk": 134, "fields": {"title": "блины овсяные", "dimension": "шт."}}, {"model": "recipes.ingredient", "pk": 135, "fields": {"title": "бобовые ростки", "dimension": "г"}}, {"model": "recipes.ingredient", "pk": 136, "fields": {"title": "бобы", "dimension": "г"}}, {"model": "recipes.ingredient", "pk": 137, "fields": {"title": "бобы мунг пророщенные", "dimension": "г"}}, {"model": "recipes.ingredient", "pk": 138, "fields": {"title": "бобы тонка", "dimension": "шт."}}, {"model": "recipes.ingredient", "pk": 139, "fields": {"title": "ботарга", "dimension": "г"}}, {"model": "recipes.ingredient", "pk": 140, "fields": {"title": "брезаола", "dimension": "г"}}, {"model": "recipes.ingredient", "pk": 141, "fields": {"title": "бренди", "dimension": "г"}}, {"model": "recipes.ingredient", "pk": 142, "fields": {"title": "брокколи замороженная", "dimension": "г"}}, {"model": "recipes.ingredient", "pk": 143, "fields": {"title": "брокколи свежая", "dimension": "г"}}, {"model": "recipes.ingredient", "pk": 144, "fields": {"title": "брусника замороженная", "dimension": "г"}}, {"model": "recipes.ingredient", "pk": 145, "fields": {"title": "брусника свежая", "dimension": "г"}}, {"model": "recipes.ingredient", "pk": 146, "fields": {"title": "брусника сушеная", "dimension": "г"}}, {"model": "recipes.ingredient", "pk": 147, "fields": {"title": "брусничное варенье", "dimension": "г"}}, {"model": "recipes.ingredient", "pk": 148, "fields": {"title": "брусничный соус", "dimension": "г"}}, {"model": "recipes.ingredient", "pk": 149, "fields": {"title": "брынза", "dimension": "по вкусу"}}, {"model": "recipes.ingredient", "pk": 150, "fields": {"title": "брынза сербская", "dimension": "г"}}, {"model": "recipes.ingredient", "pk": 151, "fields": {"title": "брюква", "dimension": "г"}}, {"model": "recipes.ingredient", "pk": 152, "fields": {"title": "буженина", "dimension": "г"}}, {"model": "recipes.ingredient", "pk": 153, "fields": {"title": "бузина сироп", "dimension": "ст. л."}}, {"model": "recipes.ingredient", "pk": 154, "fields": {"title": "букет гарни", "dimension": "пучок"}}, {"model": "recipes.ingredient", "pk": 155, "fields": {"title": "булгур", "dimension": "г"}}, {"model": "recipes.ingredient", "pk": 156, "fields": {"title": "булка", "dimension": "кусок"}}, {"model": "recipes.ingredient", "pk": 157, "fields": {"title": "булка белая", "dimension": "г"}}, {"model": "recipes.ingredient", "pk": 158, "fields": {"title": "булка сдобная", "dimension": "г"}}, {"model": "recipes.ingredient", "pk": 159, "fields": {"title": "булочки", "dimension": "г"}}, {"model": "recipes.ingredient", "pk": 160, "fields": {"title": "булочки белые черствые", "dimension": "г"}}, {"model": "recipes.ingredient", "pk": 161, "fields": {"title": "булочки бриошь", "dimension": "шт."}}, {"model": "recipes.ingredient", "pk": 162, "fields": {"title": "булочки вчерашние", "dimension": "шт."}}, {"model": "recipes.ingredient", "pk": 163, "fields": {"title": "булочки для гамбургеров", "dimension": "шт."}}, {"model": "recipes.ingredient", "pk": 164, "fields": {"title": "булочки зерновые", "dimension": "шт."}}, {"model": "recipes.ingredient", "pk": 165, "fields": {"title": "булочки ржаные", "dimension": "кусок"}}, {"model": "recipes.ingredient", "pk": 166, "fields": {"title": "булочки с кунжутом", "dimension": "шт."}}, {"model": "recipes.ingredient", "pk": 167, "fields": {"title": "бульон", "dimension": "г"}}, {"model": "recipes.ingredient", "pk": 168, "fields": {"title": "бульонные кубики", "dimension": "г"}}, {"model": "recipes.ingredient", "pk": 169, "fields": {"title": "бурбон", "dimension": "г"}}, {"model": "recipes.ingredient", "pk": 170, "fields": {"title": "Буррата", "dimension": "г"}}, {"model": "recipes.ingredient", "pk": 171, "fields": {"title": "буряк", "dimension": "г"}}, {"model": "recipes.ingredient", "pk": 172, "fields": {"title": "бусинки кондитерские", "dimension": "ч. л."}}, {"model": "recipes.ingredient", "pk": 173, "fields": {"title": "бусинки кондитерские серебряные", "dimension": "по вкусу"}}, {"model": "recipes.ingredient", "pk": 174, "fields": {"title": "бычий хвост", "dimension": "г"}}, {"model": "recipes.ingredient", "pk": 175, "fields": {"title": "ванилин", "dimension": "г"}}, {"model": "recipes.ingredient", "pk": 176, "fields": {"title": "ваниль в стручках", "dimension": "г"}}, {"model": "recipes.ingredient", "pk": 177, "fields": {"title": "ванильная настойка", "dimension": "ст. л."}}, {"model": "recipes.ingredient", "pk": 178, "fields": {"title": "ванильная эссенция", "dimension": "г"}}, {"model": "recipes.ingredient", "pk": 179, "fields": {"title": "ванильный порошок", "dimension": "г"}}, {"model": "recipes.ingredient", "pk": 180, "fields": {"title": "ванильный сироп", "dimension": "г"}}, {"model": "recipes.ingredient", "pk": 181, "fields": {"title": "ванильный экстракт", "dimension": "по вкусу"}}, {"model": "recipes.ingredient", "pk": 182, "fields": {"title": "варенье", "dimension": "г"}}, {"model": "recipes.ingredient", "pk": 183, "fields": {"title": "васаби", "dimension": "г"}}, {"model": "recipes.ingredient", "pk": 184, "fields": {"title": "вафельная крошка", "dimension": "г"}}, {"model": "recipes.ingredient", "pk": 185, "fields": {"title": "вафельные коржи", "dimension": "г"}}, {"model": "recipes.ingredient", "pk": 186, "fields": {"title": "вафельные трубочки", "dimension": "г"}}, {"model": "recipes.ingredient", "pk": 187, "fields": {"title": "вафли", "dimension": "г"}}, {"model": "recipes.ingredient", "pk": 188, "fields": {"title": "вафли шоколадные", "dimension": "г"}}, {"model": "recipes.ingredient", "pk": 189, "fields": {"title": "вермишель", "dimension": "г"}}, {"model": "recipes.ingredient", "pk": 190, "fields": {"title": "вермишель яичная", "dimension": "г"}}, {"model": "recipes.ingredient", "pk": 191, "fields": {"title": "вермут", "dimension": "г"}}, {"model": "recipes.ingredient", "pk": 192, "fields": {"title": "вермут белый", "dimension": "г"}}, {"model": "recipes.ingredient", "pk": 193, "fields": {"title": "вермут сухой", "dimension": "г"}}, {"model": "recipes.ingredient", "pk": 194, "fields": {"title": "ветчина", "dimension": "г"}}, {"model": "recipes.ingredient", "pk": 195, "fields": {"title": "ветчина вареная", "dimension": "г"}}, {"model": "recipes.ingredient", "pk": 196, "fields": {"title": "ветчина варено-копченая", "dimension": "кусок"}}, {"model": "recipes.ingredient", "pk": 197, "fields": {"title": "ветчина копченая", "dimension": "г"}}, {"model": "recipes.ingredient", "pk": 198, "fields": {"title": "ветчина пармская", "dimension": "г"}}, {"model": "recipes.ingredient", "pk": 199, "fields": {"title": "ветчина сырокопченая", "dimension": "г"}}, {"model": "recipes.ingredient", "pk": 200, "fields": {"title": "вешенки", "dimension": "г"}}, {"model": "recipes.ingredient", "pk": 201, "fields": {"title": "винегрет", "dimension": "г"}}, {"model": "recipes.ingredient", "pk": 202, "fields": {"title": "винный камень", "dimension": "щепотка"}}, {"model": "recipes.ingredient", "pk": 203, "fields": {"title": "винный уксус", "dimension": "г"}}, {"model": "recipes.ingredient", "pk": 204, "fields": {"title": "винный уксус белый", "dimension": "г"}}, {"model": "recipes.ingredient", "pk": 205, "fields": {"title": "винный уксус красный", "dimension": "ч. л."}}, {"model": "recipes.ingredient", "pk": 206, "fields": {"title": "винный уксус на чесноке", "dimension": "ч. л."}}, {"model": "recipes.ingredient", "pk": 207, "fields": {"title": "винный уксус на эстрагоне", "dimension": "ст. л."}}, {"model": "recipes.ingredient", "pk": 208, "fields": {"title": "вино белое", "dimension": "по вкусу"}}, {"model": "recipes.ingredient", "pk": 209, "fields": {"title": "вино белое полусладкое", "dimension": "г"}}, {"model": "recipes.ingredient", "pk": 210, "fields": {"title": "вино белое полусухое", "dimension": "г"}}, {"model": "recipes.ingredient", "pk": 211, "fields": {"title": "вино белое сладкое", "dimension": "г"}}, {"model": "recipes.ingredient", "pk": 212, "fields": {"title": "вино белое столовое", "dimension": "стакан"}}, {"model": "recipes.ingredient", "pk": 213, "fields": {"title": "вино белое сухое", "dimension": "г"}}, {"model": "recipes.ingredient", "pk": 214, "fields": {"title": "виноград", "dimension": "г"}}, {"model": "recipes.ingredient", "pk": 215, "fields": {"title": "виноград без косточек", "dimension": "г"}}, {"model": "recipes.ingredient", "pk": 216, "fields": {"title": "виноград белый", "dimension": "г"}}, {"model": "recipes.ingredient", "pk": 217, "fields": {"title": "виноград изабелла", "dimension": "кг"}}, {"model": "recipes.ingredient", "pk": 218, "fields": {"title": "виноградное желе", "dimension": "ст. л."}}, {"model": "recipes.ingredient", "pk": 219, "fields": {"title": "виноградные листья", "dimension": "г"}}, {"model": "recipes.ingredient", "pk": 220, "fields": {"title": "виноградные листья маринованные", "dimension": "г"}}, {"model": "recipes.ingredient", "pk": 221, "fields": {"title": "виноградные листья молодые", "dimension": "шт."}}, {"model": "recipes.ingredient", "pk": 222, "fields": {"title": "виноградный сок", "dimension": "г"}}, {"model": "recipes.ingredient", "pk": 223, "fields": {"title": "виноградный сок осветленный", "dimension": "ч. л."}}, {"model": "recipes.ingredient", "pk": 224, "fields": {"title": "виноград синий", "dimension": "г"}}, {"model": "recipes.ingredient", "pk": 225, "fields": {"title": "виноград черный", "dimension": "г"}}, {"model": "recipes.ingredient", "pk": 226, "fields": {"title": "вино десертное", "dimension": "г"}}, {"model": "recipes.ingredient", "pk": 227, "fields": {"title": "вино игристое сухое", "dimension": "г"}}, {"model": "recipes.ingredient", "pk": 228, "fields": {"title": "вино красное", "dimension": "г"}}, {"model": "recipes.ingredient", "pk": 229, "fields": {"title": "вино красное полусладкое", "dimension": "г"}}, {"model": "recipes.ingredient", "pk": 230, "fields": {"title": "вино красное полусухое", "dimension": "г"}}, {"model": "recipes.ingredient", "pk": 231, "fields": {"title": "вино красное сладкое", "dimension": "г"}}, {"model": "recipes.ingredient", "pk": 232, "fields": {"title": "вино красное сухое", "dimension": "г"}}, {"model": "recipes.ingredient", "pk": 233, "fields": {"title": "вино крепленое", "dimension": "г"}}, {"model": "recipes.ingredient", "pk": 234, "fields": {"title": "вино розовое полусладкое", "dimension": "ст. л."}}, {"model": "recipes.ingredient", "pk": 235, "fields": {"title": "вино розовое полусухое", "dimension": "г"}}, {"model": "recipes.ingredient", "pk": 236, "fields": {"title": "виски", "dimension": "г"}}, {"model": "recipes.ingredient", "pk": 237, "fields": {"title": "витамин C в порошке", "dimension": "г"}}, {"model": "recipes.ingredient", "pk": 238, "fields": {"title": "вишневая настойка", "dimension": "мл"}}, {"model": "recipes.ingredient", "pk": 239, "fields": {"title": "вишневое варенье", "dimension": "г"}}, {"model": "recipes.ingredient", "pk": 240, "fields": {"title": "вишневые листья", "dimension": "г"}}, {"model": "recipes.ingredient", "pk": 241, "fields": {"title": "вишневый джем", "dimension": "г"}}, {"model": "recipes.ingredient", "pk": 242, "fields": {"title": "вишневый ликер", "dimension": "по вкусу"}}, {"model": "recipes.ingredient", "pk": 243, "fields": {"title": "вишневый сироп", "dimension": "стакан"}}, {"model": "recipes.ingredient", "pk": 244, "fields": {"title": "вишневый сок", "dimension": "г"}}, {"model": "recipes.ingredient", "pk": 245, "fields": {"title": "вишня", "dimension": "г"}}, {"model": "recipes.ingredient", "pk": 246, "fields": {"title": "вишня вяленая", "dimension": "г"}}, {"model": "recipes.ingredient", "pk": 247, "fields": {"title": "вишня замороженная", "dimension": "г"}}, {"model": "recipes.ingredient", "pk": 248, "fields": {"title": "вишня засахаренная кондитерская", "dimension": "шт."}}, {"model": "recipes.ingredient", "pk": 249, "fields": {"title": "вишня коктейльная", "dimension": "г"}}, {"model": "recipes.ingredient", "pk": 250, "fields": {"title": "вишня мараскино", "dimension": "шт."}}, {"model": "recipes.ingredient", "pk": 251, "fields": {"title": "вишня, протертая с сахаром", "dimension": "г"}}, {"model": "recipes.ingredient", "pk": 252, "fields": {"title": "вода", "dimension": "г"}}, {"model": "recipes.ingredient", "pk": 253, "fields": {"title": "вода минеральная без газа", "dimension": "стакан"}}, {"model": "recipes.ingredient", "pk": 254, "fields": {"title": "вода минеральная газированная", "dimension": "г"}}, {"model": "recipes.ingredient", "pk": 255, "fields": {"title": "водка", "dimension": "г"}}, {"model": "recipes.ingredient", "pk": 256, "fields": {"title": "водка анисовая", "dimension": "ч. л."}}, {"model": "recipes.ingredient", "pk": 257, "fields": {"title": "водоросли", "dimension": "г"}}, {"model": "recipes.ingredient", "pk": 258, "fields": {"title": "вустерширский соус", "dimension": "г"}}, {"model": "recipes.ingredient", "pk": 259, "fields": {"title": "галангал корень", "dimension": "долька"}}, {"model": "recipes.ingredient", "pk": 260, "fields": {"title": "галеты", "dimension": "г"}}, {"model": "recipes.ingredient", "pk": 261, "fields": {"title": "гамбургер", "dimension": "г"}}, {"model": "recipes.ingredient", "pk": 262, "fields": {"title": "ганаш", "dimension": "г"}}, {"model": "recipes.ingredient", "pk": 263, "fields": {"title": "гарам масала", "dimension": "г"}}, {"model": "recipes.ingredient", "pk": 264, "fields": {"title": "гарнир", "dimension": "г"}}, {"model": "recipes.ingredient", "pk": 265, "fields": {"title": "гаспачо", "dimension": "г"}}, {"model": "recipes.ingredient", "pk": 266, "fields": {"title": "гастропаб", "dimension": ""}}, {"model": "recipes.ingredient", "pk": 267, "fields": {"title": "гвоздика", "dimension": "г"}}, {"model": "recipes.ingredient", "pk": 268, "fields": {"title": "гвоздика молотая", "dimension": "по вкусу"}}, {"model": "recipes.ingredient", "pk": 269, "fields": {"title": "герань листья", "dimension": "г"}}, {"model": "recipes.ingredient", "pk": 270, "fields": {"title": "геркулес", "dimension": "г"}}, {"model": "recipes.ingredient", "pk": 271, "fields": {"title": "глазурь", "dimension": "г"}}, {"model": "recipes.ingredient", "pk": 272, "fields": {"title": "глазурь белая", "dimension": "г"}}, {"model": "recipes.ingredient", "pk": 273, "fields": {"title": "глазурь готовая", "dimension": "по вкусу"}}, {"model": "recipes.ingredient", "pk": 274, "fields": {"title": "глазурь черная", "dimension": "по вкусу"}}, {"model": "recipes.ingredient", "pk": 275, "fields": {"title": "глазурь шоколадная белая", "dimension": "г"}}, {"model": "recipes.ingredient", "pk": 276, "fields": {"title": "глутамат натрия", "dimension": "г"}}, {"model": "recipes.ingredient", "pk": 277, "fields": {"title": "глюкоза", "dimension": "г"}}, {"model": "recipes.ingredient", "pk": 278, "fields": {"title": "глюкоза сироп", "dimension": "г"}}, {"model": "recipes.ingredient", "pk": 279, "fields": {"title": "говядина", "dimension": "г"}}, {"model": "recipes.ingredient", "pk": 280, "fields": {"title": "говядина на кости", "dimension": "г"}}, {"model": "recipes.ingredient", "pk": 281, "fields": {"title": "говяжий фарш", "dimension": "по вкусу"}}, {"model": "recipes.ingredient", "pk": 282, "fields": {"title": "говяжий язык", "dimension": "г"}}, {"model": "recipes.ingredient", "pk": 283, "fields": {"title": "говяжье сердце", "dimension": "по вкусу"}}, {"model": "recipes.ingredient", "pk": 284, "fields": {"title": "говяжьи бифштексы", "dimension": "г"}}, {"model": "recipes.ingredient", "pk": 285, "fields": {"title": "говяжьи голяшки", "dimension": "г"}}, {"model": "recipes.ingredient", "pk": 286, "fields": {"title": "говяжьи легкие", "dimension": "г"}}, {"model": "recipes.ingredient", "pk": 287, "fields": {"title": "говяжьи ребра", "dimension": "г"}}, {"model": "recipes.ingredient", "pk": 288, "fields": {"title": "говяжьи стейки рибай", "dimension": "г"}}, {"model": "recipes.ingredient", "pk": 289, "fields": {"title": "говяжья вырезка", "dimension": "шт."}}, {"model": "recipes.ingredient", "pk": 290, "fields": {"title": "говяжья грудинка", "dimension": "кг"}}, {"model": "recipes.ingredient", "pk": 291, "fields": {"title": "говяжья лопатка", "dimension": "г"}}, {"model": "recipes.ingredient", "pk": 292, "fields": {"title": "говяжья мозговая кость", "dimension": "шт."}}, {"model": "recipes.ingredient", "pk": 293, "fields": {"title": "говяжья мякоть", "dimension": "кг"}}, {"model": "recipes.ingredient", "pk": 294, "fields": {"title": "говяжья печень", "dimension": "шт."}}, {"model": "recipes.ingredient", "pk": 295, "fields": {"title": "говяжья черева", "dimension": "г"}}, {"model": "recipes.ingredient", "pk": 296, "fields": {"title": "говяжья шейка", "dimension": "кг"}}, {"model": "recipes.ingredient", "pk": 297, "fields": {"title": "годжи", "dimension": "г"}}, {"model": "recipes.ingredient", "pk": 298, "fields": {"title": "голец филе", "dimension": "шт."}}, {"model": "recipes.ingredient", "pk": 299, "fields": {"title": "голубика", "dimension": "г"}}, {"model": "recipes.ingredient", "pk": 300, "fields": {"title": "голубика замороженная", "dimension": "г"}}, {"model": "recipes.ingredient", "pk": 301, "fields": {"title": "голубь", "dimension": "г"}}, {"model": "recipes.ingredient", "pk": 302, "fields": {"title": "горбуша", "dimension": "по вкусу"}}, {"model": "recipes.ingredient", "pk": 303, "fields": {"title": "горбуша в собственном соку", "dimension": "банка"}}, {"model": "recipes.ingredient", "pk": 304, "fields": {"title": "горбуша филе", "dimension": "г"}}, {"model": "recipes.ingredient", "pk": 305, "fields": {"title": "горгонзола", "dimension": "г"}}, {"model": "recipes.ingredient", "pk": 306, "fields": {"title": "горгонзола пиканте", "dimension": "г"}}, {"model": "recipes.ingredient", "pk": 307, "fields": {"title": "горох", "dimension": "г"}}, {"model": "recipes.ingredient", "pk": 308, "fields": {"title": "горох колотый", "dimension": "г"}}, {"model": "recipes.ingredient", "pk": 309, "fields": {"title": "гороховые ростки", "dimension": "горсть"}}, {"model": "recipes.ingredient", "pk": 310, "fields": {"title": "гороховый суп", "dimension": "г"}}, {"model": "recipes.ingredient", "pk": 311, "fields": {"title": "горошек зеленый", "dimension": "г"}}, {"model": "recipes.ingredient", "pk": 312, "fields": {"title": "горошек зеленый замороженный", "dimension": "г"}}, {"model": "recipes.ingredient", "pk": 313, "fields": {"title": "горошек зеленый консервированный", "dimension": "г"}}, {"model": "recipes.ingredient", "pk": 314, "fields": {"title": "горошек стручковый свежий", "dimension": "г"}}, {"model": "recipes.ingredient", "pk": 315, "fields": {"title": "горчица", "dimension": "г"}}, {"model": "recipes.ingredient", "pk": 316, "fields": {"title": "горчица дижонская", "dimension": "г"}}, {"model": "recipes.ingredient", "pk": 317, "fields": {"title": "горчица дижонская с медом", "dimension": "г"}}, {"model": "recipes.ingredient", "pk": 318, "fields": {"title": "горчица желтая семена", "dimension": "г"}}, {"model": "recipes.ingredient", "pk": 319, "fields": {"title": "горчица острая", "dimension": "г"}}, {"model": "recipes.ingredient", "pk": 320, "fields": {"title": "горчица русская", "dimension": "ст. л."}}, {"model": "recipes.ingredient", "pk": 321, "fields": {"title": "горчица семена", "dimension": "г"}}, {"model": "recipes.ingredient", "pk": 322, "fields": {"title": "горчица с зернами", "dimension": "г"}}, {"model": "recipes.ingredient", "pk": 323, "fields": {"title": "горчица сухая", "dimension": "г"}}, {"model": "recipes.ingredient", "pk": 324, "fields": {"title": "горчица французская", "dimension": "г"}}, {"model": "recipes.ingredient", "pk": 325, "fields": {"title": "горчица цитрусовая", "dimension": "г"}}, {"model": "recipes.ingredient", "pk": 326, "fields": {"title": "горчичное масло", "dimension": "г"}}, {"model": "recipes.ingredient", "pk": 327, "fields": {"title": "горчичный порошок", "dimension": "г"}}, {"model": "recipes.ingredient", "pk": 328, "fields": {"title": "грана падано", "dimension": "ст. л."}}, {"model": "recipes.ingredient", "pk": 329, "fields": {"title": "гранатные зерна", "dimension": "г"}}, {"model": "recipes.ingredient", "pk": 330, "fields": {"title": "гранатовая паста", "dimension": "ст. л."}}, {"model": "recipes.ingredient", "pk": 331, "fields": {"title": "гранатовый сироп", "dimension": "г"}}, {"model": "recipes.ingredient", "pk": 332, "fields": {"title": "гранатовый сок", "dimension": "г"}}, {"model": "recipes.ingredient", "pk": 333, "fields": {"title": "гранатовый сок свежевыжатый", "dimension": "мл"}}, {"model": "recipes.ingredient", "pk": 334, "fields": {"title": "гранатовый соус", "dimension": "ч. л."}}, {"model": "recipes.ingredient", "pk": 335, "fields": {"title": "гранаты", "dimension": "г"}}, {"model": "recipes.ingredient", "pk": 336, "fields": {"title": "гранита", "dimension": "г"}}, {"model": "recipes.ingredient", "pk": 337, "fields": {"title": "гранола с орехами", "dimension": "г"}}, {"model": "recipes.ingredient", "pk": 338, "fields": {"title": "граппа", "dimension": "ч. л."}}, {"model": "recipes.ingredient", "pk": 339, "fields": {"title": "гратен", "dimension": "кг"}}, {"model": "recipes.ingredient", "pk": 340, "fields": {"title": "грейпфрутовая цедра", "dimension": "г"}}, {"model": "recipes.ingredient", "pk": 341, "fields": {"title": "грейпфрутовый сок", "dimension": "г"}}, {"model": "recipes.ingredient", "pk": 342, "fields": {"title": "грейпфруты", "dimension": "г"}}, {"model": "recipes.ingredient", "pk": 343, "fields": {"title": "грейпфруты розовые", "dimension": "г"}}, {"model": "recipes.ingredient", "pk": 344, "fields": {"title": "гренадин", "dimension": "г"}}, {"model": "recipes.ingredient", "pk": 345, "fields": {"title": "гренки", "dimension": "г"}}, {"model": "recipes.ingredient", "pk": 346, "fields": {"title": "грецкие орехи", "dimension": "г"}}, {"model": "recipes.ingredient", "pk": 347, "fields": {"title": "грецкие орехи рубленые", "dimension": "г"}}, {"model": "recipes.ingredient", "pk": 348, "fields": {"title": "гречневая крупа", "dimension": "г"}}, {"model": "recipes.ingredient", "pk": 349, "fields": {"title": "гречневая крупа зеленая", "dimension": "ст. л."}}, {"model": "recipes.ingredient", "pk": 350, "fields": {"title": "гречневая лапша соба", "dimension": "г"}}, {"model": "recipes.ingredient", "pk": 351, "fields": {"title": "гречневая мука", "dimension": "г"}}, {"model": "recipes.ingredient", "pk": 352, "fields": {"title": "гречневое молоко", "dimension": "стакан"}}, {"model": "recipes.ingredient", "pk": 353, "fields": {"title": "гречневые хлопья", "dimension": "г"}}, {"model": "recipes.ingredient", "pk": 354, "fields": {"title": "грибы", "dimension": "г"}}, {"model": "recipes.ingredient", "pk": 355, "fields": {"title": "грибы белые", "dimension": "г"}}, {"model": "recipes.ingredient", "pk": 356, "fields": {"title": "грибы белые замороженные", "dimension": "г"}}, {"model": "recipes.ingredient", "pk": 357, "fields": {"title": "грибы белые маринованные", "dimension": "г"}}, {"model": "recipes.ingredient", "pk": 358, "fields": {"title": "грибы белые сухие", "dimension": "г"}}, {"model": "recipes.ingredient", "pk": 359, "fields": {"title": "грибы замороженные", "dimension": "г"}}, {"model": "recipes.ingredient", "pk": 360, "fields": {"title": "грибы замороженные (опята и маслята)", "dimension": "г"}}, {"model": "recipes.ingredient", "pk": 361, "fields": {"title": "грибы лесные", "dimension": "г"}}, {"model": "recipes.ingredient", "pk": 362, "fields": {"title": "грибы маринованные", "dimension": "г"}}, {"model": "recipes.ingredient", "pk": 363, "fields": {"title": "грибы свежие", "dimension": "г"}}, {"model": "recipes.ingredient", "pk": 364, "fields": {"title": "грибы соленые", "dimension": "г"}}, {"model": "recipes.ingredient", "pk": 365, "fields": {"title": "грибы соломенные консервированные", "dimension": "шт."}}, {"model": "recipes.ingredient", "pk": 366, "fields": {"title": "грибы сухие", "dimension": "г"}}, {"model": "recipes.ingredient", "pk": 367, "fields": {"title": "грибы шиитаке", "dimension": "г"}}, {"model": "recipes.ingredient", "pk": 368, "fields": {"title": "грибы шиитаке сухие", "dimension": "г"}}, {"model": "recipes.ingredient", "pk": 369, "fields": {"title": "гриль", "dimension": "г"}}, {"model": "recipes.ingredient", "pk": 370, "fields": {"title": "гриссини", "dimension": "г"}}, {"model": "recipes.ingredient", "pk": 371, "fields": {"title": "грудинка", "dimension": "г"}}, {"model": "recipes.ingredient", "pk": 372, "fields": {"title": "грудинка варено-копченая", "dimension": "г"}}, {"model": "recipes.ingredient", "pk": 373, "fields": {"title": "грудинка копченая", "dimension": "по вкусу"}}, {"model": "recipes.ingredient", "pk": 374, "fields": {"title": "грушевое пюре", "dimension": "г"}}, {"model": "recipes.ingredient", "pk": 375, "fields": {"title": "грушевый ликер", "dimension": "мл"}}, {"model": "recipes.ingredient", "pk": 376, "fields": {"title": "грушевый сироп", "dimension": "мл"}}, {"model": "recipes.ingredient", "pk": 377, "fields": {"title": "грушевый сок", "dimension": "г"}}, {"model": "recipes.ingredient", "pk": 378, "fields": {"title": "грушевый уксус", "dimension": "ст. л."}}, {"model": "recipes.ingredient", "pk": 379, "fields": {"title": "груши", "dimension": "по вкусу"}}, {"model": "recipes.ingredient", "pk": 380, "fields": {"title": "груши вяленые", "dimension": "г"}}, {"model": "recipes.ingredient", "pk": 381, "fields": {"title": "грюйер", "dimension": "г"}}, {"model": "recipes.ingredient", "pk": 382, "fields": {"title": "гуава", "dimension": "шт."}}, {"model": "recipes.ingredient", "pk": 383, "fields": {"title": "гуанчиале", "dimension": "г"}}, {"model": "recipes.ingredient", "pk": 384, "fields": {"title": "гурьевская каша", "dimension": "г"}}, {"model": "recipes.ingredient", "pk": 385, "fields": {"title": "гусиная грудка копченая", "dimension": "г"}}, {"model": "recipes.ingredient", "pk": 386, "fields": {"title": "гусиная печень", "dimension": "г"}}, {"model": "recipes.ingredient", "pk": 387, "fields": {"title": "гусиный жир", "dimension": "ст. л."}}, {"model": "recipes.ingredient", "pk": 388, "fields": {"title": "гусь", "dimension": "г"}}, {"model": "recipes.ingredient", "pk": 389, "fields": {"title": "гусь тушка", "dimension": "кг"}}, {"model": "recipes.ingredient", "pk": 390, "fields": {"title": "дайкон", "dimension": "г"}}, {"model": "recipes.ingredient", "pk": 391, "fields": {"title": "детское питание", "dimension": "г"}}, {"model": "recipes.ingredient", "pk": 392, "fields": {"title": "джем", "dimension": "г"}}, {"model": "recipes.ingredient", "pk": 393, "fields": {"title": "джин", "dimension": "г"}}, {"model": "recipes.ingredient", "pk": 394, "fields": {"title": "джусай", "dimension": "г"}}, {"model": "recipes.ingredient", "pk": 395, "fields": {"title": "диоксид титана", "dimension": "г"}}, {"model": "recipes.ingredient", "pk": 396, "fields": {"title": "долма", "dimension": "г"}}, {"model": "recipes.ingredient", "pk": 397, "fields": {"title": "дорада", "dimension": "шт."}}, {"model": "recipes.ingredient", "pk": 398, "fields": {"title": "дорада потрошеная с головой", "dimension": "шт."}}, {"model": "recipes.ingredient", "pk": 399, "fields": {"title": "дорада с головой", "dimension": "шт."}}, {"model": "recipes.ingredient", "pk": 400, "fields": {"title": "дорада тушка", "dimension": "шт."}}, {"model": "recipes.ingredient", "pk": 401, "fields": {"title": "драже", "dimension": "г"}}, {"model": "recipes.ingredient", "pk": 402, "fields": {"title": "дрожжи домашние", "dimension": "г"}}, {"model": "recipes.ingredient", "pk": 403, "fields": {"title": "дрожжи свежие", "dimension": "г"}}, {"model": "recipes.ingredient", "pk": 404, "fields": {"title": "дрожжи сухие", "dimension": "по вкусу"}}, {"model": "recipes.ingredient", "pk": 405, "fields": {"title": "дубовая кора", "dimension": "г"}}, {"model": "recipes.ingredient", "pk": 406, "fields": {"title": "душица", "dimension": "г"}}, {"model": "recipes.ingredient", "pk": 407, "fields": {"title": "дыня", "dimension": "г"}}, {"model": "recipes.ingredient", "pk": 408, "fields": {"title": "ежевика", "dimension": "г"}}, {"model": "recipes.ingredient", "pk": 409, "fields": {"title": "ежевика замороженная", "dimension": "г"}}, {"model": "recipes.ingredient", "pk": 410, "fields": {"title": "ерш", "dimension": "г"}}, {"model": "recipes.ingredient", "pk": 411, "fields": {"title": "ёрш-носарь", "dimension": "шт."}}, {"model": "recipes.ingredient", "pk": 412, "fields": {"title": "желатин", "dimension": "г"}}, {"model": "recipes.ingredient", "pk": 413, "fields": {"title": "желатин листовой", "dimension": "по вкусу"}}, {"model": "recipes.ingredient", "pk": 414, "fields": {"title": "желе", "dimension": "г"}}, {"model": "recipes.ingredient", "pk": 415, "fields": {"title": "желе для торта", "dimension": "упаковка"}}, {"model": "recipes.ingredient", "pk": 416, "fields": {"title": "желирующее вещество", "dimension": "упаковка"}}, {"model": "recipes.ingredient", "pk": 417, "fields": {"title": "желирующий сахар", "dimension": "г"}}, {"model": "recipes.ingredient", "pk": 418, "fields": {"title": "женьшень", "dimension": "г"}}, {"model": "recipes.ingredient", "pk": 419, "fields": {"title": "жидкий дым", "dimension": "г"}}, {"model": "recipes.ingredient", "pk": 420, "fields": {"title": "жимолость", "dimension": "г"}}, {"model": "recipes.ingredient", "pk": 421, "fields": {"title": "жир", "dimension": "г"}}, {"model": "recipes.ingredient", "pk": 422, "fields": {"title": "жир вытопленный", "dimension": "стакан"}}, {"model": "recipes.ingredient", "pk": 423, "fields": {"title": "жир кулинарный", "dimension": "г"}}, {"model": "recipes.ingredient", "pk": 424, "fields": {"title": "жир растительный", "dimension": "г"}}, {"model": "recipes.ingredient", "pk": 425, "fields": {"title": "заатар", "dimension": "щепотка"}}, {"model": "recipes.ingredient", "pk": 426, "fields": {"title": "завтрак сухой", "dimension": "г"}}, {"model": "recipes.ingredient", "pk": 427, "fields": {"title": "завтрак сухой подушечки", "dimension": "г"}}, {"model": "recipes.ingredient", "pk": 428, "fields": {"title": "загуститель для сливок", "dimension": "г"}}, {"model": "recipes.ingredient", "pk": 429, "fields": {"title": "зайчатина", "dimension": "г"}}, {"model": "recipes.ingredient", "pk": 430, "fields": {"title": "закваска", "dimension": "пакет"}}, {"model": "recipes.ingredient", "pk": 431, "fields": {"title": "закваска вечная", "dimension": "г"}}, {"model": "recipes.ingredient", "pk": 432, "fields": {"title": "заменитель сахара", "dimension": "по вкусу"}}, {"model": "recipes.ingredient", "pk": 433, "fields": {"title": "заменитель сахара стевия", "dimension": "г"}}, {"model": "recipes.ingredient", "pk": 434, "fields": {"title": "заправка для салатов готовая", "dimension": "г"}}, {"model": "recipes.ingredient", "pk": 435, "fields": {"title": "зверобой", "dimension": "по вкусу"}}, {"model": "recipes.ingredient", "pk": 436, "fields": {"title": "зелень", "dimension": "г"}}, {"model": "recipes.ingredient", "pk": 437, "fields": {"title": "зелень рубленая", "dimension": "г"}}, {"model": "recipes.ingredient", "pk": 438, "fields": {"title": "земляника", "dimension": "по вкусу"}}, {"model": "recipes.ingredient", "pk": 439, "fields": {"title": "земляника замороженная", "dimension": "г"}}, {"model": "recipes.ingredient", "pk": 440, "fields": {"title": "зефир", "dimension": "г"}}, {"model": "recipes.ingredient", "pk": 441, "fields": {"title": "зира", "dimension": "г"}}, {"model": "recipes.ingredient", "pk": 442, "fields": {"title": "злаковые хлопья", "dimension": "г"}}, {"model": "recipes.ingredient", "pk": 443, "fields": {"title": "зубатка", "dimension": "г"}}, {"model": "recipes.ingredient", "pk": 444, "fields": {"title": "зубатка филе", "dimension": "г"}}, {"model": "recipes.ingredient", "pk": 445, "fields": {"title": "изолят соевого протеина", "dimension": "г"}}, {"model": "recipes.ingredient", "pk": 446, "fields": {"title": "изюм", "dimension": "г"}}, {"model": "recipes.ingredient", "pk": 447, "fields": {"title": "изюм без косточек", "dimension": "г"}}, {"model": "recipes.ingredient", "pk": 448, "fields": {"title": "изюм белый", "dimension": "г"}}, {"model": "recipes.ingredient", "pk": 449, "fields": {"title": "изюм черный", "dimension": "г"}}, {"model": "recipes.ingredient", "pk": 450, "fields": {"title": "икра", "dimension": "г"}}, {"model": "recipes.ingredient", "pk": 451, "fields": {"title": "икра вяленой рыбы", "dimension": "г"}}, {"model": "recipes.ingredient", "pk": 452, "fields": {"title": "икра горбуши зернистая", "dimension": "г"}}, {"model": "recipes.ingredient", "pk": 453, "fields": {"title": "икра красная", "dimension": "г"}}, {"model": "recipes.ingredient", "pk": 454, "fields": {"title": "икра красной рыбы мелкая", "dimension": "г"}}, {"model": "recipes.ingredient", "pk": 455, "fields": {"title": "икра летучей рыбы", "dimension": "г"}}, {"model": "recipes.ingredient", "pk": 456, "fields": {"title": "икра лосося", "dimension": "г"}}, {"model": "recipes.ingredient", "pk": 457, "fields": {"title": "икра мойвы", "dimension": "г"}}, {"model": "recipes.ingredient", "pk": 458, "fields": {"title": "икра палтуса", "dimension": "г"}}, {"model": "recipes.ingredient", "pk": 459, "fields": {"title": "икра судака", "dimension": "г"}}, {"model": "recipes.ingredient", "pk": 460, "fields": {"title": "икра черная", "dimension": "г"}}, {"model": "recipes.ingredient", "pk": 461, "fields": {"title": "имбирное варенье", "dimension": "г"}}, {"model": "recipes.ingredient", "pk": 462, "fields": {"title": "имбирное печенье", "dimension": "по вкусу"}}, {"model": "recipes.ingredient", "pk": 463, "fields": {"title": "имбирные цукаты", "dimension": "ст. л."}}, {"model": "recipes.ingredient", "pk": 464, "fields": {"title": "имбирь", "dimension": "г"}}, {"model": "recipes.ingredient", "pk": 465, "fields": {"title": "имбирь засахаренный", "dimension": "г"}}, {"model": "recipes.ingredient", "pk": 466, "fields": {"title": "имбирь корень", "dimension": "г"}}, {"model": "recipes.ingredient", "pk": 467, "fields": {"title": "имбирь маринованный", "dimension": "г"}}, {"model": "recipes.ingredient", "pk": 468, "fields": {"title": "имбирь молотый", "dimension": "г"}}, {"model": "recipes.ingredient", "pk": 469, "fields": {"title": "индейка", "dimension": "г"}}, {"model": "recipes.ingredient", "pk": 470, "fields": {"title": "индейка голень", "dimension": "г"}}, {"model": "recipes.ingredient", "pk": 471, "fields": {"title": "индейка грудка", "dimension": "г"}}, {"model": "recipes.ingredient", "pk": 472, "fields": {"title": "индейка копченая", "dimension": "г"}}, {"model": "recipes.ingredient", "pk": 473, "fields": {"title": "индейка тушка", "dimension": "шт."}}, {"model": "recipes.ingredient", "pk": 474, "fields": {"title": "индейка фарш", "dimension": "г"}}, {"model": "recipes.ingredient", "pk": 475, "fields": {"title": "индейка филе", "dimension": "г"}}, {"model": "recipes.ingredient", "pk": 476, "fields": {"title": "индоутка", "dimension": "шт."}}, {"model": "recipes.ingredient", "pk": 477, "fields": {"title": "индюшачья печень", "dimension": "г"}}, {"model": "recipes.ingredient", "pk": 478, "fields": {"title": "инжир", "dimension": "г"}}, {"model": "recipes.ingredient", "pk": 479, "fields": {"title": "инжир свежий", "dimension": "г"}}, {"model": "recipes.ingredient", "pk": 480, "fields": {"title": "инжир сушеный", "dimension": "г"}}, {"model": "recipes.ingredient", "pk": 481, "fields": {"title": "ирга", "dimension": "г"}}, {"model": "recipes.ingredient", "pk": 482, "fields": {"title": "ириски", "dimension": "г"}}, {"model": "recipes.ingredient", "pk": 483, "fields": {"title": "итальянские травы", "dimension": "г"}}, {"model": "recipes.ingredient", "pk": 484, "fields": {"title": "йогурт", "dimension": "г"}}, {"model": "recipes.ingredient", "pk": 485, "fields": {"title": "йогурт греческий", "dimension": "г"}}, {"model": "recipes.ingredient", "pk": 486, "fields": {"title": "йогурт жирный", "dimension": "г"}}, {"model": "recipes.ingredient", "pk": 487, "fields": {"title": "йогурт козий", "dimension": "г"}}, {"model": "recipes.ingredient", "pk": 488, "fields": {"title": "йогурт натуральный", "dimension": "г"}}, {"model": "recipes.ingredient", "pk": 489, "fields": {"title": "йогурт нежирный", "dimension": "г"}}, {"model": "recipes.ingredient", "pk": 490, "fields": {"title": "йогурт обезжиренный", "dimension": "г"}}, {"model": "recipes.ingredient", "pk": 491, "fields": {"title": "йогурт фруктовый", "dimension": "г"}}, {"model": "recipes.ingredient", "pk": 492, "fields": {"title": "кабачки", "dimension": "г"}}, {"model": "recipes.ingredient", "pk": 493, "fields": {"title": "кабачки замороженные", "dimension": "г"}}, {"model": "recipes.ingredient", "pk": 494, "fields": {"title": "кабачки молодые", "dimension": "г"}}, {"model": "recipes.ingredient", "pk": 495, "fields": {"title": "каджунская смесь специй", "dimension": "ст. л."}}, {"model": "recipes.ingredient", "pk": 496, "fields": {"title": "какао", "dimension": "горсть"}}, {"model": "recipes.ingredient", "pk": 497, "fields": {"title": "какао-бобы", "dimension": "г"}}, {"model": "recipes.ingredient", "pk": 498, "fields": {"title": "какао-масло", "dimension": "г"}}, {"model": "recipes.ingredient", "pk": 499, "fields": {"title": "какао-порошок", "dimension": "по вкусу"}}, {"model": "recipes.ingredient", "pk": 500, "fields": {"title": "какао-порошок обезжиренный", "dimension": "г"}}, {"model": "recipes.ingredient", "pk": 501, "fields": {"title": "какао сгущенное", "dimension": "банка"}}, {"model": "recipes.ingredient", "pk": 502, "fields": {"title": "калина", "dimension": "по вкусу"}}, {"model": "recipes.ingredient", "pk": 503, "fields": {"title": "калина протертая", "dimension": "г"}}, {"model": "recipes.ingredient", "pk": 504, "fields": {"title": "калинджи семена", "dimension": "ч. л."}}, {"model": "recipes.ingredient", "pk": 505, "fields": {"title": "кальвадос", "dimension": "г"}}, {"model": "recipes.ingredient", "pk": 506, "fields": {"title": "кальмары", "dimension": "г"}}, {"model": "recipes.ingredient", "pk": 507, "fields": {"title": "кальмары вареные", "dimension": "г"}}, {"model": "recipes.ingredient", "pk": 508, "fields": {"title": "кальмары замороженные", "dimension": "г"}}, {"model": "recipes.ingredient", "pk": 509, "fields": {"title": "кальмары консервированные", "dimension": "г"}}, {"model": "recipes.ingredient", "pk": 510, "fields": {"title": "кальмары филе", "dimension": "шт."}}, {"model": "recipes.ingredient", "pk": 511, "fields": {"title": "камамбер", "dimension": "упаковка"}}, {"model": "recipes.ingredient", "pk": 512, "fields": {"title": "камбала", "dimension": "г"}}, {"model": "recipes.ingredient", "pk": 513, "fields": {"title": "камбала филе", "dimension": "г"}}, {"model": "recipes.ingredient", "pk": 514, "fields": {"title": "кампари", "dimension": "мл"}}, {"model": "recipes.ingredient", "pk": 515, "fields": {"title": "кандурин золотой", "dimension": "ч. л."}}, {"model": "recipes.ingredient", "pk": 516, "fields": {"title": "каннеллони", "dimension": "г"}}, {"model": "recipes.ingredient", "pk": 517, "fields": {"title": "капеллини", "dimension": "г"}}, {"model": "recipes.ingredient", "pk": 518, "fields": {"title": "каперсы", "dimension": "г"}}, {"model": "recipes.ingredient", "pk": 519, "fields": {"title": "каперсы в винном уксусе", "dimension": "г"}}, {"model": "recipes.ingredient", "pk": 520, "fields": {"title": "каперсы маринованные", "dimension": "г"}}, {"model": "recipes.ingredient", "pk": 521, "fields": {"title": "капуста белокочанная", "dimension": "г"}}, {"model": "recipes.ingredient", "pk": 522, "fields": {"title": "капуста брюссельская", "dimension": "г"}}, {"model": "recipes.ingredient", "pk": 523, "fields": {"title": "капуста брюссельская замороженная", "dimension": "г"}}, {"model": "recipes.ingredient", "pk": 524, "fields": {"title": "капуста кале", "dimension": "г"}}, {"model": "recipes.ingredient", "pk": 525, "fields": {"title": "капуста квашеная", "dimension": "по вкусу"}}, {"model": "recipes.ingredient", "pk": 526, "fields": {"title": "капуста кольраби", "dimension": "г"}}, {"model": "recipes.ingredient", "pk": 527, "fields": {"title": "капуста краснокочанная", "dimension": "г"}}, {"model": "recipes.ingredient", "pk": 528, "fields": {"title": "капуста морская", "dimension": "по вкусу"}}, {"model": "recipes.ingredient", "pk": 529, "fields": {"title": "капуста морская замороженная", "dimension": "г"}}, {"model": "recipes.ingredient", "pk": 530, "fields": {"title": "капуста морская сушеная", "dimension": "г"}}, {"model": "recipes.ingredient", "pk": 531, "fields": {"title": "капуста пекинская", "dimension": "г"}}, {"model": "recipes.ingredient", "pk": 532, "fields": {"title": "капуста савойская", "dimension": "г"}}, {"model": "recipes.ingredient", "pk": 533, "fields": {"title": "капуста цветная", "dimension": "г"}}, {"model": "recipes.ingredient", "pk": 534, "fields": {"title": "капуста цветная замороженная", "dimension": "г"}}, {"model": "recipes.ingredient", "pk": 535, "fields": {"title": "капустный рассол", "dimension": "г"}}, {"model": "recipes.ingredient", "pk": 536, "fields": {"title": "капучино", "dimension": "г"}}, {"model": "recipes.ingredient", "pk": 537, "fields": {"title": "каракатица", "dimension": "г"}}, {"model": "recipes.ingredient", "pk": 538, "fields": {"title": "каракатица очищенная", "dimension": "г"}}, {"model": "recipes.ingredient", "pk": 539, "fields": {"title": "карамбола", "dimension": "г"}}, {"model": "recipes.ingredient", "pk": 540, "fields": {"title": "карамель", "dimension": "мл"}}, {"model": "recipes.ingredient", "pk": 541, "fields": {"title": "карамельный соус", "dimension": "г"}}, {"model": "recipes.ingredient", "pk": 542, "fields": {"title": "карамель с начинкой", "dimension": "г"}}, {"model": "recipes.ingredient", "pk": 543, "fields": {"title": "карамель соленая", "dimension": "г"}}, {"model": "recipes.ingredient", "pk": 544, "fields": {"title": "карась", "dimension": "г"}}, {"model": "recipes.ingredient", "pk": 545, "fields": {"title": "карбонад", "dimension": "г"}}, {"model": "recipes.ingredient", "pk": 546, "fields": {"title": "кардамон", "dimension": "г"}}, {"model": "recipes.ingredient", "pk": 547, "fields": {"title": "кардамон зерна", "dimension": "ч. л."}}, {"model": "recipes.ingredient", "pk": 548, "fields": {"title": "кардамон молотый", "dimension": "г"}}, {"model": "recipes.ingredient", "pk": 549, "fields": {"title": "кардамон стручки", "dimension": "шт."}}, {"model": "recipes.ingredient", "pk": 550, "fields": {"title": "каркаде", "dimension": "г"}}, {"model": "recipes.ingredient", "pk": 551, "fields": {"title": "карп", "dimension": "г"}}, {"model": "recipes.ingredient", "pk": 552, "fields": {"title": "карп зеркальный", "dimension": "кг"}}, {"model": "recipes.ingredient", "pk": 553, "fields": {"title": "карп филе", "dimension": "кг"}}, {"model": "recipes.ingredient", "pk": 554, "fields": {"title": "карри", "dimension": "г"}}, {"model": "recipes.ingredient", "pk": 555, "fields": {"title": "карри листья", "dimension": "г"}}, {"model": "recipes.ingredient", "pk": 556, "fields": {"title": "карри паста", "dimension": "пакет"}}, {"model": "recipes.ingredient", "pk": 557, "fields": {"title": "картофель", "dimension": "г"}}, {"model": "recipes.ingredient", "pk": 558, "fields": {"title": "картофель вареный", "dimension": "г"}}, {"model": "recipes.ingredient", "pk": 559, "fields": {"title": "картофель вареный в мундире", "dimension": "г"}}, {"model": "recipes.ingredient", "pk": 560, "fields": {"title": "картофель молодой", "dimension": "г"}}, {"model": "recipes.ingredient", "pk": 561, "fields": {"title": "картофельное пюре", "dimension": "по вкусу"}}, {"model": "recipes.ingredient", "pk": 562, "fields": {"title": "картофельные ньокки", "dimension": "г"}}, {"model": "recipes.ingredient", "pk": 563, "fields": {"title": "картофельные хлопья", "dimension": "г"}}, {"model": "recipes.ingredient", "pk": 564, "fields": {"title": "картофельные чипсы", "dimension": "г"}}, {"model": "recipes.ingredient", "pk": 565, "fields": {"title": "картофельный крахмал", "dimension": "г"}}, {"model": "recipes.ingredient", "pk": 566, "fields": {"title": "картофельный отвар", "dimension": "г"}}, {"model": "recipes.ingredient", "pk": 567, "fields": {"title": "картофельный хэш замороженный", "dimension": "г"}}, {"model": "recipes.ingredient", "pk": 568, "fields": {"title": "картофель печеный", "dimension": "г"}}, {"model": "recipes.ingredient", "pk": 569, "fields": {"title": "катык", "dimension": "г"}}, {"model": "recipes.ingredient", "pk": 570, "fields": {"title": "каффир-лайм листья", "dimension": "по вкусу"}}, {"model": "recipes.ingredient", "pk": 571, "fields": {"title": "каша", "dimension": "г"}}, {"model": "recipes.ingredient", "pk": 572, "fields": {"title": "каша для детского питания", "dimension": "г"}}, {"model": "recipes.ingredient", "pk": 573, "fields": {"title": "каштановая мука", "dimension": "г"}}, {"model": "recipes.ingredient", "pk": 574, "fields": {"title": "каштановый крем", "dimension": "г"}}, {"model": "recipes.ingredient", "pk": 575, "fields": {"title": "каштаны", "dimension": "г"}}, {"model": "recipes.ingredient", "pk": 576, "fields": {"title": "каштаны вареные", "dimension": "г"}}, {"model": "recipes.ingredient", "pk": 577, "fields": {"title": "каштаны консервированные", "dimension": "г"}}, {"model": "recipes.ingredient", "pk": 578, "fields": {"title": "каштаны очищенные", "dimension": "г"}}, {"model": "recipes.ingredient", "pk": 579, "fields": {"title": "квас", "dimension": "г"}}, {"model": "recipes.ingredient", "pk": 580, "fields": {"title": "квасное сусло", "dimension": "г"}}, {"model": "recipes.ingredient", "pk": 581, "fields": {"title": "квасной концентрат сухой", "dimension": "упаковка"}}, {"model": "recipes.ingredient", "pk": 582, "fields": {"title": "квас хлебный", "dimension": "г"}}, {"model": "recipes.ingredient", "pk": 583, "fields": {"title": "кедровая мука", "dimension": "г"}}, {"model": "recipes.ingredient", "pk": 584, "fields": {"title": "кедровые орехи", "dimension": "г"}}, {"model": "recipes.ingredient", "pk": 585, "fields": {"title": "кедровые орехи жареные", "dimension": "г"}}, {"model": "recipes.ingredient", "pk": 586, "fields": {"title": "кета", "dimension": "г"}}, {"model": "recipes.ingredient", "pk": 587, "fields": {"title": "кетчуп острый", "dimension": "по вкусу"}}, {"model": "recipes.ingredient", "pk": 588, "fields": {"title": "кетчуп томатный", "dimension": "г"}}, {"model": "recipes.ingredient", "pk": 589, "fields": {"title": "кетчуп тосканский", "dimension": "ст. л."}}, {"model": "recipes.ingredient", "pk": 590, "fields": {"title": "кетчуп шашлычный", "dimension": "г"}}, {"model": "recipes.ingredient", "pk": 591, "fields": {"title": "кефаль", "dimension": "г"}}, {"model": "recipes.ingredient", "pk": 592, "fields": {"title": "кефир", "dimension": "по вкусу"}}, {"model": "recipes.ingredient", "pk": 593, "fields": {"title": "кефир 1%", "dimension": "г"}}, {"model": "recipes.ingredient", "pk": 594, "fields": {"title": "кефир 2,5%", "dimension": "г"}}, {"model": "recipes.ingredient", "pk": 595, "fields": {"title": "кефир 3,2%", "dimension": "г"}}, {"model": "recipes.ingredient", "pk": 596, "fields": {"title": "кефир обезжиренный", "dimension": "г"}}, {"model": "recipes.ingredient", "pk": 597, "fields": {"title": "кешью", "dimension": "г"}}, {"model": "recipes.ingredient", "pk": 598, "fields": {"title": "кивано", "dimension": "г"}}, {"model": "recipes.ingredient", "pk": 599, "fields": {"title": "киви", "dimension": "кг"}}, {"model": "recipes.ingredient", "pk": 600, "fields": {"title": "киви желе", "dimension": "г"}}, {"model": "recipes.ingredient", "pk": 601, "fields": {"title": "кижуч", "dimension": "г"}}, {"model": "recipes.ingredient", "pk": 602, "fields": {"title": "кижуч горячего копчения филе", "dimension": "г"}}, {"model": "recipes.ingredient", "pk": 603, "fields": {"title": "кизил", "dimension": "г"}}, {"model": "recipes.ingredient", "pk": 604, "fields": {"title": "килька", "dimension": "г"}}, {"model": "recipes.ingredient", "pk": 605, "fields": {"title": "кимчи", "dimension": "г"}}, {"model": "recipes.ingredient", "pk": 606, "fields": {"title": "кинза свежая", "dimension": "зубчик"}}, {"model": "recipes.ingredient", "pk": 607, "fields": {"title": "кинза сушеная", "dimension": "г"}}, {"model": "recipes.ingredient", "pk": 608, "fields": {"title": "киноа", "dimension": "г"}}, {"model": "recipes.ingredient", "pk": 609, "fields": {"title": "киноа молотая", "dimension": "г"}}, {"model": "recipes.ingredient", "pk": 610, "fields": {"title": "кипяток", "dimension": "г"}}, {"model": "recipes.ingredient", "pk": 611, "fields": {"title": "кирш", "dimension": "ст. л."}}, {"model": "recipes.ingredient", "pk": 612, "fields": {"title": "кисель", "dimension": "г"}}, {"model": "recipes.ingredient", "pk": 613, "fields": {"title": "кисель сухой", "dimension": "г"}}, {"model": "recipes.ingredient", "pk": 614, "fields": {"title": "кисломолочный напиток Тан", "dimension": "мл"}}, {"model": "recipes.ingredient", "pk": 615, "fields": {"title": "кишки", "dimension": "г"}}, {"model": "recipes.ingredient", "pk": 616, "fields": {"title": "клейковина", "dimension": "г"}}, {"model": "recipes.ingredient", "pk": 617, "fields": {"title": "клементины", "dimension": "г"}}, {"model": "recipes.ingredient", "pk": 618, "fields": {"title": "кленовый сироп", "dimension": "г"}}, {"model": "recipes.ingredient", "pk": 619, "fields": {"title": "клубника", "dimension": "г"}}, {"model": "recipes.ingredient", "pk": 620, "fields": {"title": "клубника в сиропе", "dimension": "г"}}, {"model": "recipes.ingredient", "pk": 621, "fields": {"title": "клубника замороженная", "dimension": "г"}}, {"model": "recipes.ingredient", "pk": 622, "fields": {"title": "клубника, протертая с сахаром", "dimension": "г"}}, {"model": "recipes.ingredient", "pk": 623, "fields": {"title": "клубника сушеная", "dimension": "г"}}, {"model": "recipes.ingredient", "pk": 624, "fields": {"title": "клубничное варенье", "dimension": "г"}}, {"model": "recipes.ingredient", "pk": 625, "fields": {"title": "клубничное желе", "dimension": "упаковка"}}, {"model": "recipes.ingredient", "pk": 626, "fields": {"title": "клубничное пюре", "dimension": "г"}}, {"model": "recipes.ingredient", "pk": 627, "fields": {"title": "клубничный джем", "dimension": "г"}}, {"model": "recipes.ingredient", "pk": 628, "fields": {"title": "клубничный джем густой", "dimension": "мл"}}, {"model": "recipes.ingredient", "pk": 629, "fields": {"title": "клубничный компот", "dimension": "стакан"}}, {"model": "recipes.ingredient", "pk": 630, "fields": {"title": "клубничный ликер", "dimension": "г"}}, {"model": "recipes.ingredient", "pk": 631, "fields": {"title": "клубничный сироп", "dimension": "г"}}, {"model": "recipes.ingredient", "pk": 632, "fields": {"title": "клюква", "dimension": "г"}}, {"model": "recipes.ingredient", "pk": 633, "fields": {"title": "клюква вяленая", "dimension": "г"}}, {"model": "recipes.ingredient", "pk": 634, "fields": {"title": "клюква замороженная", "dimension": "г"}}, {"model": "recipes.ingredient", "pk": 635, "fields": {"title": "клюква, протертая с сахаром", "dimension": "г"}}, {"model": "recipes.ingredient", "pk": 636, "fields": {"title": "клюквенное варенье", "dimension": "г"}}, {"model": "recipes.ingredient", "pk": 637, "fields": {"title": "клюквенный джем", "dimension": "г"}}, {"model": "recipes.ingredient", "pk": 638, "fields": {"title": "клюквенный морс", "dimension": "ст. л."}}, {"model": "recipes.ingredient", "pk": 639, "fields": {"title": "клюквенный сироп", "dimension": "г"}}, {"model": "recipes.ingredient", "pk": 640, "fields": {"title": "клюквенный соус", "dimension": "г"}}, {"model": "recipes.ingredient", "pk": 641, "fields": {"title": "козлиная печень", "dimension": "г"}}, {"model": "recipes.ingredient", "pk": 642, "fields": {"title": "козлятина молодая", "dimension": "кг"}}, {"model": "recipes.ingredient", "pk": 643, "fields": {"title": "кока-кола", "dimension": "ст. л."}}, {"model": "recipes.ingredient", "pk": 644, "fields": {"title": "кокосовая вода", "dimension": "стакан"}}, {"model": "recipes.ingredient", "pk": 645, "fields": {"title": "кокосовая мука", "dimension": "ст. л."}}, {"model": "recipes.ingredient", "pk": 646, "fields": {"title": "кокосовая стружка", "dimension": "г"}}, {"model": "recipes.ingredient", "pk": 647, "fields": {"title": "кокосовая стружка цветная", "dimension": "г"}}, {"model": "recipes.ingredient", "pk": 648, "fields": {"title": "кокосовое масло", "dimension": "мл"}}, {"model": "recipes.ingredient", "pk": 649, "fields": {"title": "кокосовое молоко", "dimension": "г"}}, {"model": "recipes.ingredient", "pk": 650, "fields": {"title": "кокосовые сливки", "dimension": "г"}}, {"model": "recipes.ingredient", "pk": 651, "fields": {"title": "кокосовый ликер", "dimension": "ст. л."}}, {"model": "recipes.ingredient", "pk": 652, "fields": {"title": "кокосовый экстракт", "dimension": "г"}}, {"model": "recipes.ingredient", "pk": 653, "fields": {"title": "кокосы", "dimension": "г"}}, {"model": "recipes.ingredient", "pk": 654, "fields": {"title": "кола", "dimension": "г"}}, {"model": "recipes.ingredient", "pk": 655, "fields": {"title": "колбаса", "dimension": "г"}}, {"model": "recipes.ingredient", "pk": 656, "fields": {"title": "колбаса вареная", "dimension": "г"}}, {"model": "recipes.ingredient", "pk": 657, "fields": {"title": "колбаса варено-копченая", "dimension": "г"}}, {"model": "recipes.ingredient", "pk": 658, "fields": {"title": "колбаса копченая", "dimension": "г"}}, {"model": "recipes.ingredient", "pk": 659, "fields": {"title": "колбаса кровяная", "dimension": "г"}}, {"model": "recipes.ingredient", "pk": 660, "fields": {"title": "колбаса полукопченая", "dimension": "г"}}, {"model": "recipes.ingredient", "pk": 661, "fields": {"title": "колбаса сырокопченая", "dimension": "г"}}, {"model": "recipes.ingredient", "pk": 662, "fields": {"title": "колбаска свиная свежая (salsiccia)", "dimension": "шт."}}, {"model": "recipes.ingredient", "pk": 663, "fields": {"title": "колбаски", "dimension": "г"}}, {"model": "recipes.ingredient", "pk": 664, "fields": {"title": "колбаски для жарки", "dimension": "г"}}, {"model": "recipes.ingredient", "pk": 665, "fields": {"title": "колбаски домашние", "dimension": "шт."}}, {"model": "recipes.ingredient", "pk": 666, "fields": {"title": "колбаски охотничьи", "dimension": "г"}}, {"model": "recipes.ingredient", "pk": 667, "fields": {"title": "колбаски сырокопченые", "dimension": "шт."}}, {"model": "recipes.ingredient", "pk": 668, "fields": {"title": "компот", "dimension": "г"}}, {"model": "recipes.ingredient", "pk": 669, "fields": {"title": "конопляное масло", "dimension": "ст. л."}}, {"model": "recipes.ingredient", "pk": 670, "fields": {"title": "конопля семена", "dimension": "г"}}, {"model": "recipes.ingredient", "pk": 671, "fields": {"title": "конфеты", "dimension": "по вкусу"}}, {"model": "recipes.ingredient", "pk": 672, "fields": {"title": "конфеты M&M’s", "dimension": "г"}}, {"model": "recipes.ingredient", "pk": 673, "fields": {"title": "конфеты жевательные лакричные", "dimension": "г"}}, {"model": "recipes.ingredient", "pk": 674, "fields": {"title": "конфеты Коровка", "dimension": "г"}}, {"model": "recipes.ingredient", "pk": 675, "fields": {"title": "конфеты Трюфель", "dimension": "г"}}, {"model": "recipes.ingredient", "pk": 676, "fields": {"title": "конфитюр", "dimension": "по вкусу"}}, {"model": "recipes.ingredient", "pk": 677, "fields": {"title": "конфитюрка", "dimension": "упаковка"}}, {"model": "recipes.ingredient", "pk": 678, "fields": {"title": "коньяк", "dimension": "г"}}, {"model": "recipes.ingredient", "pk": 679, "fields": {"title": "копчености", "dimension": "г"}}, {"model": "recipes.ingredient", "pk": 680, "fields": {"title": "коренья", "dimension": "по вкусу"}}, {"model": "recipes.ingredient", "pk": 681, "fields": {"title": "кориандр", "dimension": "г"}}, {"model": "recipes.ingredient", "pk": 682, "fields": {"title": "кориандр зелень", "dimension": "г"}}, {"model": "recipes.ingredient", "pk": 683, "fields": {"title": "кориандр молотый", "dimension": "г"}}, {"model": "recipes.ingredient", "pk": 684, "fields": {"title": "кориандр семена", "dimension": "г"}}, {"model": "recipes.ingredient", "pk": 685, "fields": {"title": "коринка", "dimension": "ст. л."}}, {"model": "recipes.ingredient", "pk": 686, "fields": {"title": "корица", "dimension": "г"}}, {"model": "recipes.ingredient", "pk": 687, "fields": {"title": "корица молотая", "dimension": "г"}}, {"model": "recipes.ingredient", "pk": 688, "fields": {"title": "корнишоны", "dimension": "г"}}, {"model": "recipes.ingredient", "pk": 689, "fields": {"title": "корнишоны маринованые", "dimension": "г"}}, {"model": "recipes.ingredient", "pk": 690, "fields": {"title": "корюшка", "dimension": "г"}}, {"model": "recipes.ingredient", "pk": 691, "fields": {"title": "корюшка горячего копчения", "dimension": "г"}}, {"model": "recipes.ingredient", "pk": 692, "fields": {"title": "кости", "dimension": "г"}}, {"model": "recipes.ingredient", "pk": 693, "fields": {"title": "кости мозговые", "dimension": "г"}}, {"model": "recipes.ingredient", "pk": 694, "fields": {"title": "кость сахарная", "dimension": "г"}}, {"model": "recipes.ingredient", "pk": 695, "fields": {"title": "кофе в зернах", "dimension": "стакан"}}, {"model": "recipes.ingredient", "pk": 696, "fields": {"title": "кофе зеленый", "dimension": "г"}}, {"model": "recipes.ingredient", "pk": 697, "fields": {"title": "кофейные зерна в шоколаде", "dimension": "г"}}, {"model": "recipes.ingredient", "pk": 698, "fields": {"title": "кофейный ликер", "dimension": "г"}}, {"model": "recipes.ingredient", "pk": 699, "fields": {"title": "кофейный ликер Kahlua", "dimension": "мл"}}, {"model": "recipes.ingredient", "pk": 700, "fields": {"title": "кофейный напиток", "dimension": "мл"}}, {"model": "recipes.ingredient", "pk": 701, "fields": {"title": "кофейный сироп", "dimension": "г"}}, {"model": "recipes.ingredient", "pk": 702, "fields": {"title": "кофейный экстракт", "dimension": "мл"}}, {"model": "recipes.ingredient", "pk": 703, "fields": {"title": "кофе молотый", "dimension": "ст. л."}}, {"model": "recipes.ingredient", "pk": 704, "fields": {"title": "кофе растворимый", "dimension": "г"}}, {"model": "recipes.ingredient", "pk": 705, "fields": {"title": "кофе свежесваренный", "dimension": "г"}}, {"model": "recipes.ingredient", "pk": 706, "fields": {"title": "кофе черный", "dimension": "г"}}, {"model": "recipes.ingredient", "pk": 707, "fields": {"title": "кофе эспрессо", "dimension": "стакан"}}, {"model": "recipes.ingredient", "pk": 708, "fields": {"title": "крабовое мясо", "dimension": "г"}}, {"model": "recipes.ingredient", "pk": 709, "fields": {"title": "крабовые палочки", "dimension": "по вкусу"}}, {"model": "recipes.ingredient", "pk": 710, "fields": {"title": "краб снежный", "dimension": "по вкусу"}}, {"model": "recipes.ingredient", "pk": 711, "fields": {"title": "крабы", "dimension": "г"}}, {"model": "recipes.ingredient", "pk": 712, "fields": {"title": "крапива", "dimension": "г"}}, {"model": "recipes.ingredient", "pk": 713, "fields": {"title": "краситель-гель пищевой", "dimension": "шт."}}, {"model": "recipes.ingredient", "pk": 714, "fields": {"title": "краситель пищевой", "dimension": "г"}}, {"model": "recipes.ingredient", "pk": 715, "fields": {"title": "краситель пищевой вишневый", "dimension": "щепотка"}}, {"model": "recipes.ingredient", "pk": 716, "fields": {"title": "краситель пищевой желтый", "dimension": "г"}}, {"model": "recipes.ingredient", "pk": 717, "fields": {"title": "краситель пищевой зеленый", "dimension": "ст. л."}}, {"model": "recipes.ingredient", "pk": 718, "fields": {"title": "краситель пищевой красный", "dimension": "г"}}, {"model": "recipes.ingredient", "pk": 719, "fields": {"title": "краситель пищевой оранжевый", "dimension": "г"}}, {"model": "recipes.ingredient", "pk": 720, "fields": {"title": "краситель пищевой фиолетовый", "dimension": "г"}}, {"model": "recipes.ingredient", "pk": 721, "fields": {"title": "краситель пищевой черный", "dimension": "г"}}, {"model": "recipes.ingredient", "pk": 722, "fields": {"title": "красная смородина", "dimension": "г"}}, {"model": "recipes.ingredient", "pk": 723, "fields": {"title": "красная смородина, протертая с сахаром", "dimension": "ст. л."}}, {"model": "recipes.ingredient", "pk": 724, "fields": {"title": "красноперка", "dimension": "шт."}}, {"model": "recipes.ingredient", "pk": 725, "fields": {"title": "красносмородиновое варенье", "dimension": "г"}}, {"model": "recipes.ingredient", "pk": 726, "fields": {"title": "красный винный соус", "dimension": "г"}}, {"model": "recipes.ingredient", "pk": 727, "fields": {"title": "крахмал", "dimension": "г"}}, {"model": "recipes.ingredient", "pk": 728, "fields": {"title": "креветки", "dimension": "г"}}, {"model": "recipes.ingredient", "pk": 729, "fields": {"title": "креветки замороженные", "dimension": "г"}}, {"model": "recipes.ingredient", "pk": 730, "fields": {"title": "креветки королевские", "dimension": "г"}}, {"model": "recipes.ingredient", "pk": 731, "fields": {"title": "креветки очищенные", "dimension": "г"}}, {"model": "recipes.ingredient", "pk": 732, "fields": {"title": "креветки очищенные в рассоле", "dimension": "г"}}, {"model": "recipes.ingredient", "pk": 733, "fields": {"title": "креветки салатные", "dimension": "г"}}, {"model": "recipes.ingredient", "pk": 734, "fields": {"title": "креветки сушеные", "dimension": "г"}}, {"model": "recipes.ingredient", "pk": 735, "fields": {"title": "креветки тигровые", "dimension": "г"}}, {"model": "recipes.ingredient", "pk": 736, "fields": {"title": "крекер", "dimension": "г"}}, {"model": "recipes.ingredient", "pk": 737, "fields": {"title": "крекер соленый", "dimension": "г"}}, {"model": "recipes.ingredient", "pk": 738, "fields": {"title": "крем заварной", "dimension": "г"}}, {"model": "recipes.ingredient", "pk": 739, "fields": {"title": "крем заварной порошковый", "dimension": "г"}}, {"model": "recipes.ingredient", "pk": 740, "fields": {"title": "крем-фреш", "dimension": "г"}}, {"model": "recipes.ingredient", "pk": 741, "fields": {"title": "кресс-салат", "dimension": "г"}}, {"model": "recipes.ingredient", "pk": 742, "fields": {"title": "кровь", "dimension": "мл"}}, {"model": "recipes.ingredient", "pk": 743, "fields": {"title": "кролик", "dimension": "г"}}, {"model": "recipes.ingredient", "pk": 744, "fields": {"title": "кролик тушка", "dimension": "г"}}, {"model": "recipes.ingredient", "pk": 745, "fields": {"title": "кролик филе", "dimension": "г"}}, {"model": "recipes.ingredient", "pk": 746, "fields": {"title": "кроличья печень", "dimension": "г"}}, {"model": "recipes.ingredient", "pk": 747, "fields": {"title": "круассаны", "dimension": "по вкусу"}}, {"model": "recipes.ingredient", "pk": 748, "fields": {"title": "крутоны мелкие", "dimension": "г"}}, {"model": "recipes.ingredient", "pk": 749, "fields": {"title": "крыжовник", "dimension": "г"}}, {"model": "recipes.ingredient", "pk": 750, "fields": {"title": "крыжовниковое варенье", "dimension": "банка"}}, {"model": "recipes.ingredient", "pk": 751, "fields": {"title": "кукуруза", "dimension": "г"}}, {"model": "recipes.ingredient", "pk": 752, "fields": {"title": "кукуруза замороженная", "dimension": "г"}}, {"model": "recipes.ingredient", "pk": 753, "fields": {"title": "кукуруза консервированная", "dimension": "г"}}, {"model": "recipes.ingredient", "pk": 754, "fields": {"title": "кукуруза обжаренная кикос", "dimension": "г"}}, {"model": "recipes.ingredient", "pk": 755, "fields": {"title": "кукурузная крупа", "dimension": "г"}}, {"model": "recipes.ingredient", "pk": 756, "fields": {"title": "кукурузная мука", "dimension": "г"}}, {"model": "recipes.ingredient", "pk": 757, "fields": {"title": "кукурузное масло", "dimension": "г"}}, {"model": "recipes.ingredient", "pk": 758, "fields": {"title": "кукурузные лепешки", "dimension": "шт."}}, {"model": "recipes.ingredient", "pk": 759, "fields": {"title": "кукурузные палочки", "dimension": "г"}}, {"model": "recipes.ingredient", "pk": 760, "fields": {"title": "кукурузные хлопья", "dimension": "г"}}, {"model": "recipes.ingredient", "pk": 761, "fields": {"title": "кукурузные хлопья глазированные", "dimension": "г"}}, {"model": "recipes.ingredient", "pk": 762, "fields": {"title": "кукурузные чипсы", "dimension": "г"}}, {"model": "recipes.ingredient", "pk": 763, "fields": {"title": "кукурузный (золотой) сироп", "dimension": "г"}}, {"model": "recipes.ingredient", "pk": 764, "fields": {"title": "кукурузный крахмал", "dimension": "по вкусу"}}, {"model": "recipes.ingredient", "pk": 765, "fields": {"title": "кумин", "dimension": "г"}}, {"model": "recipes.ingredient", "pk": 766, "fields": {"title": "кумкваты", "dimension": "горсть"}}, {"model": "recipes.ingredient", "pk": 767, "fields": {"title": "кунжут", "dimension": "г"}}, {"model": "recipes.ingredient", "pk": 768, "fields": {"title": "кунжутная мука", "dimension": "г"}}, {"model": "recipes.ingredient", "pk": 769, "fields": {"title": "кунжутная паста", "dimension": "г"}}, {"model": "recipes.ingredient", "pk": 770, "fields": {"title": "кунжутное масло", "dimension": "г"}}, {"model": "recipes.ingredient", "pk": 771, "fields": {"title": "кунжутные семечки", "dimension": "по вкусу"}}, {"model": "recipes.ingredient", "pk": 772, "fields": {"title": "кунжут черный", "dimension": "ч. л."}}, {"model": "recipes.ingredient", "pk": 773, "fields": {"title": "купаты", "dimension": "шт."}}, {"model": "recipes.ingredient", "pk": 774, "fields": {"title": "курага", "dimension": "по вкусу"}}, {"model": "recipes.ingredient", "pk": 775, "fields": {"title": "курдючное сало", "dimension": "г"}}, {"model": "recipes.ingredient", "pk": 776, "fields": {"title": "курдючный жир", "dimension": "г"}}, {"model": "recipes.ingredient", "pk": 777, "fields": {"title": "куриная ветчина", "dimension": "г"}}, {"model": "recipes.ingredient", "pk": 778, "fields": {"title": "куриная кожа", "dimension": "г"}}, {"model": "recipes.ingredient", "pk": 779, "fields": {"title": "куриная печень", "dimension": "г"}}, {"model": "recipes.ingredient", "pk": 780, "fields": {"title": "куриное карпаччо", "dimension": "г"}}, {"model": "recipes.ingredient", "pk": 781, "fields": {"title": "куриное филе", "dimension": "г"}}, {"model": "recipes.ingredient", "pk": 782, "fields": {"title": "куриные бедра", "dimension": "г"}}, {"model": "recipes.ingredient", "pk": 783, "fields": {"title": "куриные голени", "dimension": "г"}}, {"model": "recipes.ingredient", "pk": 784, "fields": {"title": "куриные голени копченые", "dimension": "шт."}}, {"model": "recipes.ingredient", "pk": 785, "fields": {"title": "куриные грудки", "dimension": "г"}}, {"model": "recipes.ingredient", "pk": 786, "fields": {"title": "куриные грудки вареные", "dimension": "г"}}, {"model": "recipes.ingredient", "pk": 787, "fields": {"title": "куриные грудки копченые", "dimension": "г"}}, {"model": "recipes.ingredient", "pk": 788, "fields": {"title": "куриные желудочки", "dimension": "шт."}}, {"model": "recipes.ingredient", "pk": 789, "fields": {"title": "куриные кости", "dimension": "г"}}, {"model": "recipes.ingredient", "pk": 790, "fields": {"title": "куриные крылья", "dimension": "г"}}, {"model": "recipes.ingredient", "pk": 791, "fields": {"title": "куриные окорочка", "dimension": "г"}}, {"model": "recipes.ingredient", "pk": 792, "fields": {"title": "куриные окорочка копченые", "dimension": "г"}}, {"model": "recipes.ingredient", "pk": 793, "fields": {"title": "куриные потрошки", "dimension": "г"}}, {"model": "recipes.ingredient", "pk": 794, "fields": {"title": "куриные сердечки", "dimension": "г"}}, {"model": "recipes.ingredient", "pk": 795, "fields": {"title": "куриный бульон", "dimension": "г"}}, {"model": "recipes.ingredient", "pk": 796, "fields": {"title": "куриный паштет", "dimension": "г"}}, {"model": "recipes.ingredient", "pk": 797, "fields": {"title": "куриный суповой набор", "dimension": "кг"}}, {"model": "recipes.ingredient", "pk": 798, "fields": {"title": "куриный фарш", "dimension": "г"}}, {"model": "recipes.ingredient", "pk": 799, "fields": {"title": "курица", "dimension": "г"}}, {"model": "recipes.ingredient", "pk": 800, "fields": {"title": "курица вареная", "dimension": "г"}}, {"model": "recipes.ingredient", "pk": 801, "fields": {"title": "курица для жарки", "dimension": "кг"}}, {"model": "recipes.ingredient", "pk": 802, "fields": {"title": "курица копченая", "dimension": "г"}}, {"model": "recipes.ingredient", "pk": 803, "fields": {"title": "курица тушка", "dimension": "г"}}, {"model": "recipes.ingredient", "pk": 804, "fields": {"title": "куркума", "dimension": "г"}}, {"model": "recipes.ingredient", "pk": 805, "fields": {"title": "куропатки", "dimension": "г"}}, {"model": "recipes.ingredient", "pk": 806, "fields": {"title": "кускус", "dimension": "г"}}, {"model": "recipes.ingredient", "pk": 807, "fields": {"title": "кускус жемчужный", "dimension": "стакан"}}, {"model": "recipes.ingredient", "pk": 808, "fields": {"title": "кэроб", "dimension": "г"}}, {"model": "recipes.ingredient", "pk": 809, "fields": {"title": "лаванда", "dimension": "г"}}, {"model": "recipes.ingredient", "pk": 810, "fields": {"title": "лаванда сушеная", "dimension": "щепотка"}}, {"model": "recipes.ingredient", "pk": 811, "fields": {"title": "лавандовый краситель", "dimension": "ч. л."}}, {"model": "recipes.ingredient", "pk": 812, "fields": {"title": "лаваш", "dimension": "по вкусу"}}, {"model": "recipes.ingredient", "pk": 813, "fields": {"title": "лаваш армянский", "dimension": "г"}}, {"model": "recipes.ingredient", "pk": 814, "fields": {"title": "лаваш персидский круглый", "dimension": "г"}}, {"model": "recipes.ingredient", "pk": 815, "fields": {"title": "лаваш тонкий", "dimension": "пласт"}}, {"model": "recipes.ingredient", "pk": 816, "fields": {"title": "лавровые листья свежие", "dimension": "шт."}}, {"model": "recipes.ingredient", "pk": 817, "fields": {"title": "лавровый лист", "dimension": "г"}}, {"model": "recipes.ingredient", "pk": 818, "fields": {"title": "лайм", "dimension": "г"}}, {"model": "recipes.ingredient", "pk": 819, "fields": {"title": "лайм листья", "dimension": "шт."}}, {"model": "recipes.ingredient", "pk": 820, "fields": {"title": "лаймовая цедра", "dimension": "г"}}, {"model": "recipes.ingredient", "pk": 821, "fields": {"title": "лаймовый сок", "dimension": "г"}}, {"model": "recipes.ingredient", "pk": 822, "fields": {"title": "лангустины", "dimension": "шт."}}, {"model": "recipes.ingredient", "pk": 823, "fields": {"title": "лапша", "dimension": "г"}}, {"model": "recipes.ingredient", "pk": 824, "fields": {"title": "лапша для лагмана", "dimension": "упаковка"}}, {"model": "recipes.ingredient", "pk": 825, "fields": {"title": "лапша ширатаки", "dimension": "г"}}, {"model": "recipes.ingredient", "pk": 826, "fields": {"title": "лапша яичная в гнездах", "dimension": "шт."}}, {"model": "recipes.ingredient", "pk": 827, "fields": {"title": "латук", "dimension": "г"}}, {"model": "recipes.ingredient", "pk": 828, "fields": {"title": "легкие", "dimension": "г"}}, {"model": "recipes.ingredient", "pk": 829, "fields": {"title": "лед", "dimension": "г"}}, {"model": "recipes.ingredient", "pk": 830, "fields": {"title": "леди-фиш тушка", "dimension": "шт."}}, {"model": "recipes.ingredient", "pk": 831, "fields": {"title": "лемонграсс (лимонное сорго)", "dimension": "г"}}, {"model": "recipes.ingredient", "pk": 832, "fields": {"title": "лен семена", "dimension": "г"}}, {"model": "recipes.ingredient", "pk": 833, "fields": {"title": "лепешки", "dimension": "г"}}, {"model": "recipes.ingredient", "pk": 834, "fields": {"title": "лепешки арабские", "dimension": "шт."}}, {"model": "recipes.ingredient", "pk": 835, "fields": {"title": "лесные орехи", "dimension": "г"}}, {"model": "recipes.ingredient", "pk": 836, "fields": {"title": "лечо", "dimension": "г"}}, {"model": "recipes.ingredient", "pk": 837, "fields": {"title": "ливер", "dimension": "г"}}, {"model": "recipes.ingredient", "pk": 838, "fields": {"title": "ликер", "dimension": "г"}}, {"model": "recipes.ingredient", "pk": 839, "fields": {"title": "ликер Alchermes", "dimension": "г"}}, {"model": "recipes.ingredient", "pk": 840, "fields": {"title": "ликер Amaretto", "dimension": "г"}}, {"model": "recipes.ingredient", "pk": 841, "fields": {"title": "ликер Baileys", "dimension": "г"}}, {"model": "recipes.ingredient", "pk": 842, "fields": {"title": "ликер Cointreau", "dimension": "г"}}, {"model": "recipes.ingredient", "pk": 843, "fields": {"title": "ликер кремовый", "dimension": "г"}}, {"model": "recipes.ingredient", "pk": 844, "fields": {"title": "ликер сливочный", "dimension": "г"}}, {"model": "recipes.ingredient", "pk": 845, "fields": {"title": "лимонад", "dimension": "г"}}, {"model": "recipes.ingredient", "pk": 846, "fields": {"title": "лимонная кислота", "dimension": "г"}}, {"model": "recipes.ingredient", "pk": 847, "fields": {"title": "лимонная цедра", "dimension": "г"}}, {"model": "recipes.ingredient", "pk": 848, "fields": {"title": "лимонник стебель", "dimension": "г"}}, {"model": "recipes.ingredient", "pk": 849, "fields": {"title": "лимонник ягоды", "dimension": "г"}}, {"model": "recipes.ingredient", "pk": 850, "fields": {"title": "лимонные корочки засахаренные", "dimension": "г"}}, {"model": "recipes.ingredient", "pk": 851, "fields": {"title": "лимонные цукаты", "dimension": "г"}}, {"model": "recipes.ingredient", "pk": 852, "fields": {"title": "лимонный сок", "dimension": "г"}}, {"model": "recipes.ingredient", "pk": 853, "fields": {"title": "лимонный уксус", "dimension": "г"}}, {"model": "recipes.ingredient", "pk": 854, "fields": {"title": "лимонный экстракт", "dimension": "г"}}, {"model": "recipes.ingredient", "pk": 855, "fields": {"title": "лимончелло", "dimension": "г"}}, {"model": "recipes.ingredient", "pk": 856, "fields": {"title": "лимоны", "dimension": "г"}}, {"model": "recipes.ingredient", "pk": 857, "fields": {"title": "лимоны сушеные", "dimension": ""}}, {"model": "recipes.ingredient", "pk": 858, "fields": {"title": "лингвине", "dimension": "шт."}}, {"model": "recipes.ingredient", "pk": 859, "fields": {"title": "лисички", "dimension": "г"}}, {"model": "recipes.ingredient", "pk": 860, "fields": {"title": "лисички сушеные", "dimension": "г"}}, {"model": "recipes.ingredient", "pk": 861, "fields": {"title": "личи", "dimension": "шт."}}, {"model": "recipes.ingredient", "pk": 862, "fields": {"title": "личи компот", "dimension": "г"}}, {"model": "recipes.ingredient", "pk": 863, "fields": {"title": "лобстер", "dimension": "г"}}, {"model": "recipes.ingredient", "pk": 864, "fields": {"title": "лонган", "dimension": "г"}}, {"model": "recipes.ingredient", "pk": 865, "fields": {"title": "лонгконг", "dimension": "шт."}}, {"model": "recipes.ingredient", "pk": 866, "fields": {"title": "лососевые молоки", "dimension": "г"}}, {"model": "recipes.ingredient", "pk": 867, "fields": {"title": "лососевый фарш", "dimension": "г"}}, {"model": "recipes.ingredient", "pk": 868, "fields": {"title": "лосось", "dimension": "г"}}, {"model": "recipes.ingredient", "pk": 869, "fields": {"title": "лосось горячего копчения", "dimension": "г"}}, {"model": "recipes.ingredient", "pk": 870, "fields": {"title": "лосось копченый", "dimension": "г"}}, {"model": "recipes.ingredient", "pk": 871, "fields": {"title": "лосось свежесоленый", "dimension": "г"}}, {"model": "recipes.ingredient", "pk": 872, "fields": {"title": "лосось свежий", "dimension": "г"}}, {"model": "recipes.ingredient", "pk": 873, "fields": {"title": "лосось свежий филе", "dimension": "г"}}, {"model": "recipes.ingredient", "pk": 874, "fields": {"title": "лосось слабосоленый", "dimension": "г"}}, {"model": "recipes.ingredient", "pk": 875, "fields": {"title": "лосось стейки", "dimension": "г"}}, {"model": "recipes.ingredient", "pk": 876, "fields": {"title": "лосось филе", "dimension": "г"}}, {"model": "recipes.ingredient", "pk": 877, "fields": {"title": "лосось филе на коже", "dimension": "г"}}, {"model": "recipes.ingredient", "pk": 878, "fields": {"title": "лосось холодного копчения", "dimension": "г"}}, {"model": "recipes.ingredient", "pk": 879, "fields": {"title": "лосятина", "dimension": "кг"}}, {"model": "recipes.ingredient", "pk": 880, "fields": {"title": "лук белый", "dimension": "по вкусу"}}, {"model": "recipes.ingredient", "pk": 881, "fields": {"title": "лук зеленый", "dimension": "г"}}, {"model": "recipes.ingredient", "pk": 882, "fields": {"title": "лук красный", "dimension": "по вкусу"}}, {"model": "recipes.ingredient", "pk": 883, "fields": {"title": "лук маринованный", "dimension": "г"}}, {"model": "recipes.ingredient", "pk": 884, "fields": {"title": "луковая шелуха", "dimension": "г"}}, {"model": "recipes.ingredient", "pk": 885, "fields": {"title": "луковый порошок", "dimension": "г"}}, {"model": "recipes.ingredient", "pk": 886, "fields": {"title": "лук-порей", "dimension": "горсть"}}, {"model": "recipes.ingredient", "pk": 887, "fields": {"title": "лук-резанец", "dimension": "по вкусу"}}, {"model": "recipes.ingredient", "pk": 888, "fields": {"title": "лук репчатый", "dimension": "г"}}, {"model": "recipes.ingredient", "pk": 889, "fields": {"title": "лук репчатый мелкий", "dimension": "г"}}, {"model": "recipes.ingredient", "pk": 890, "fields": {"title": "лук салатный", "dimension": "шт."}}, {"model": "recipes.ingredient", "pk": 891, "fields": {"title": "лук сушеный", "dimension": "г"}}, {"model": "recipes.ingredient", "pk": 892, "fields": {"title": "лук-шалот", "dimension": "г"}}, {"model": "recipes.ingredient", "pk": 893, "fields": {"title": "лук-шалот красный", "dimension": "шт."}}, {"model": "recipes.ingredient", "pk": 894, "fields": {"title": "льняная мука", "dimension": "г"}}, {"model": "recipes.ingredient", "pk": 895, "fields": {"title": "льняное масло", "dimension": "ч. л."}}, {"model": "recipes.ingredient", "pk": 896, "fields": {"title": "льняное семя", "dimension": "г"}}, {"model": "recipes.ingredient", "pk": 897, "fields": {"title": "льняное семя молотое", "dimension": "г"}}, {"model": "recipes.ingredient", "pk": 898, "fields": {"title": "любисток", "dimension": "г"}}, {"model": "recipes.ingredient", "pk": 899, "fields": {"title": "маасдам", "dimension": "г"}}, {"model": "recipes.ingredient", "pk": 900, "fields": {"title": "мадера", "dimension": "г"}}, {"model": "recipes.ingredient", "pk": 901, "fields": {"title": "майонез", "dimension": "г"}}, {"model": "recipes.ingredient", "pk": 902, "fields": {"title": "майонез домашний", "dimension": "г"}}, {"model": "recipes.ingredient", "pk": 903, "fields": {"title": "майонез легкий", "dimension": "г"}}, {"model": "recipes.ingredient", "pk": 904, "fields": {"title": "майонезный соус «Слобода» Постный", "dimension": "г"}}, {"model": "recipes.ingredient", "pk": 905, "fields": {"title": "майонез оливковый", "dimension": "г"}}, {"model": "recipes.ingredient", "pk": 906, "fields": {"title": "майонез «Слобода» Легкий", "dimension": "г"}}, {"model": "recipes.ingredient", "pk": 907, "fields": {"title": "майонез «Слобода» На перепелиных яйцах", "dimension": "г"}}, {"model": "recipes.ingredient", "pk": 908, "fields": {"title": "майонез «Слобода» Оливковый", "dimension": "г"}}, {"model": "recipes.ingredient", "pk": 909, "fields": {"title": "майонез «Слобода» Провансаль", "dimension": "г"}}, {"model": "recipes.ingredient", "pk": 910, "fields": {"title": "майонез «Слобода» С лимонным соком", "dimension": "г"}}, {"model": "recipes.ingredient", "pk": 911, "fields": {"title": "майонез «Слобода» Сметанный", "dimension": "г"}}, {"model": "recipes.ingredient", "pk": 912, "fields": {"title": "майоран", "dimension": "г"}}, {"model": "recipes.ingredient", "pk": 913, "fields": {"title": "майоран свежий", "dimension": "по вкусу"}}, {"model": "recipes.ingredient", "pk": 914, "fields": {"title": "майоран сушеный", "dimension": "г"}}, {"model": "recipes.ingredient", "pk": 915, "fields": {"title": "мак", "dimension": "г"}}, {"model": "recipes.ingredient", "pk": 916, "fields": {"title": "макаронные изделия", "dimension": "г"}}, {"model": "recipes.ingredient", "pk": 917, "fields": {"title": "макаронные изделия мелкие", "dimension": "г"}}, {"model": "recipes.ingredient", "pk": 918, "fields": {"title": "макароны", "dimension": "г"}}, {"model": "recipes.ingredient", "pk": 919, "fields": {"title": "макароны-бабочки (farfalle)", "dimension": "г"}}, {"model": "recipes.ingredient", "pk": 920, "fields": {"title": "макароны-бабочки (farfalle) мини", "dimension": "г"}}, {"model": "recipes.ingredient", "pk": 921, "fields": {"title": "макароны баветте", "dimension": "г"}}, {"model": "recipes.ingredient", "pk": 922, "fields": {"title": "макароны-бантики", "dimension": "г"}}, {"model": "recipes.ingredient", "pk": 923, "fields": {"title": "макароны букатини", "dimension": "г"}}, {"model": "recipes.ingredient", "pk": 924, "fields": {"title": "макароны джильи", "dimension": "г"}}, {"model": "recipes.ingredient", "pk": 925, "fields": {"title": "макароны диталони", "dimension": "г"}}, {"model": "recipes.ingredient", "pk": 926, "fields": {"title": "макароны-звездочки", "dimension": "стакан"}}, {"model": "recipes.ingredient", "pk": 927, "fields": {"title": "макароны орзо", "dimension": "г"}}, {"model": "recipes.ingredient", "pk": 928, "fields": {"title": "макароны-ракушки (conchiglie)", "dimension": "г"}}, {"model": "recipes.ingredient", "pk": 929, "fields": {"title": "макароны-ракушки (conchiglie rigate)", "dimension": "г"}}, {"model": "recipes.ingredient", "pk": 930, "fields": {"title": "макароны-ракушки крупные", "dimension": "г"}}, {"model": "recipes.ingredient", "pk": 931, "fields": {"title": "макароны рисони", "dimension": "г"}}, {"model": "recipes.ingredient", "pk": 932, "fields": {"title": "макароны-рожки (pipe rigate)", "dimension": "г"}}, {"model": "recipes.ingredient", "pk": 933, "fields": {"title": "макароны-спиральки (fusilli)", "dimension": "г"}}, {"model": "recipes.ingredient", "pk": 934, "fields": {"title": "макароны-ушки (orecchiette)", "dimension": "г"}}, {"model": "recipes.ingredient", "pk": 935, "fields": {"title": "маккерончини", "dimension": "г"}}, {"model": "recipes.ingredient", "pk": 936, "fields": {"title": "мак молотый", "dimension": "г"}}, {"model": "recipes.ingredient", "pk": 937, "fields": {"title": "маковая масса", "dimension": "пачка"}}, {"model": "recipes.ingredient", "pk": 938, "fields": {"title": "малина", "dimension": "г"}}, {"model": "recipes.ingredient", "pk": 939, "fields": {"title": "малина замороженная", "dimension": "г"}}, {"model": "recipes.ingredient", "pk": 940, "fields": {"title": "малина, протертая с сахаром", "dimension": "стакан"}}, {"model": "recipes.ingredient", "pk": 941, "fields": {"title": "малина сушеная", "dimension": "г"}}, {"model": "recipes.ingredient", "pk": 942, "fields": {"title": "малиновое варенье", "dimension": "г"}}, {"model": "recipes.ingredient", "pk": 943, "fields": {"title": "малиновое желе", "dimension": "г"}}, {"model": "recipes.ingredient", "pk": 944, "fields": {"title": "малиновое пюре", "dimension": "г"}}, {"model": "recipes.ingredient", "pk": 945, "fields": {"title": "малиновый джем", "dimension": "г"}}, {"model": "recipes.ingredient", "pk": 946, "fields": {"title": "малиновый крем", "dimension": "г"}}, {"model": "recipes.ingredient", "pk": 947, "fields": {"title": "малиновый сироп", "dimension": "ч. л."}}, {"model": "recipes.ingredient", "pk": 948, "fields": {"title": "малиновый соус", "dimension": "ч. л."}}, {"model": "recipes.ingredient", "pk": 949, "fields": {"title": "малиновый уксус", "dimension": "мл"}}, {"model": "recipes.ingredient", "pk": 950, "fields": {"title": "малиновый чай", "dimension": "г"}}, {"model": "recipes.ingredient", "pk": 951, "fields": {"title": "манго", "dimension": "по вкусу"}}, {"model": "recipes.ingredient", "pk": 952, "fields": {"title": "манговый сироп", "dimension": "мл"}}, {"model": "recipes.ingredient", "pk": 953, "fields": {"title": "манго консервированное", "dimension": "г"}}, {"model": "recipes.ingredient", "pk": 954, "fields": {"title": "мангольд", "dimension": "г"}}, {"model": "recipes.ingredient", "pk": 955, "fields": {"title": "мангустин", "dimension": "шт."}}, {"model": "recipes.ingredient", "pk": 956, "fields": {"title": "мандариновое пюре", "dimension": "г"}}, {"model": "recipes.ingredient", "pk": 957, "fields": {"title": "мандариновые цукаты", "dimension": "г"}}, {"model": "recipes.ingredient", "pk": 958, "fields": {"title": "мандариновый сок", "dimension": "г"}}, {"model": "recipes.ingredient", "pk": 959, "fields": {"title": "мандарины", "dimension": "по вкусу"}}, {"model": "recipes.ingredient", "pk": 960, "fields": {"title": "мандарины в собственном соку", "dimension": "г"}}, {"model": "recipes.ingredient", "pk": 961, "fields": {"title": "манная крупа", "dimension": "г"}}, {"model": "recipes.ingredient", "pk": 962, "fields": {"title": "маракуйя", "dimension": "г"}}, {"model": "recipes.ingredient", "pk": 963, "fields": {"title": "маргарин", "dimension": "г"}}, {"model": "recipes.ingredient", "pk": 964, "fields": {"title": "маргарин сливочный", "dimension": "г"}}, {"model": "recipes.ingredient", "pk": 965, "fields": {"title": "мармелад", "dimension": "по вкусу"}}, {"model": "recipes.ingredient", "pk": 966, "fields": {"title": "мармелад бутербродный", "dimension": "г"}}, {"model": "recipes.ingredient", "pk": 967, "fields": {"title": "марсала", "dimension": "стакан"}}, {"model": "recipes.ingredient", "pk": 968, "fields": {"title": "мартини", "dimension": "г"}}, {"model": "recipes.ingredient", "pk": 969, "fields": {"title": "мартини красный", "dimension": "г"}}, {"model": "recipes.ingredient", "pk": 970, "fields": {"title": "марципан", "dimension": "по вкусу"}}, {"model": "recipes.ingredient", "pk": 971, "fields": {"title": "марципан зеленый", "dimension": "г"}}, {"model": "recipes.ingredient", "pk": 972, "fields": {"title": "марципан розовый", "dimension": "г"}}, {"model": "recipes.ingredient", "pk": 973, "fields": {"title": "маршмеллоу", "dimension": "г"}}, {"model": "recipes.ingredient", "pk": 974, "fields": {"title": "маршмеллоу крем", "dimension": "г"}}, {"model": "recipes.ingredient", "pk": 975, "fields": {"title": "маршмеллоу мини", "dimension": "г"}}, {"model": "recipes.ingredient", "pk": 976, "fields": {"title": "маскарпоне", "dimension": "г"}}, {"model": "recipes.ingredient", "pk": 977, "fields": {"title": "маслины", "dimension": "г"}}, {"model": "recipes.ingredient", "pk": 978, "fields": {"title": "маслины без косточек", "dimension": "г"}}, {"model": "recipes.ingredient", "pk": 979, "fields": {"title": "масло авокадо", "dimension": "г"}}, {"model": "recipes.ingredient", "pk": 980, "fields": {"title": "масло виноградных косточек", "dimension": "г"}}, {"model": "recipes.ingredient", "pk": 981, "fields": {"title": "масло грецкого ореха", "dimension": "ч. л."}}, {"model": "recipes.ingredient", "pk": 982, "fields": {"title": "масло для фритюра", "dimension": "г"}}, {"model": "recipes.ingredient", "pk": 983, "fields": {"title": "масло кедрового ореха", "dimension": "г"}}, {"model": "recipes.ingredient", "pk": 984, "fields": {"title": "маслята", "dimension": "г"}}, {"model": "recipes.ingredient", "pk": 985, "fields": {"title": "мастика", "dimension": "г"}}, {"model": "recipes.ingredient", "pk": 986, "fields": {"title": "мастика желатиновая", "dimension": "г"}}, {"model": "recipes.ingredient", "pk": 987, "fields": {"title": "мастика шоколадная", "dimension": "г"}}, {"model": "recipes.ingredient", "pk": 988, "fields": {"title": "матча", "dimension": "г"}}, {"model": "recipes.ingredient", "pk": 989, "fields": {"title": "мафальдине", "dimension": "г"}}, {"model": "recipes.ingredient", "pk": 990, "fields": {"title": "маца", "dimension": "г"}}, {"model": "recipes.ingredient", "pk": 991, "fields": {"title": "мацони", "dimension": "г"}}, {"model": "recipes.ingredient", "pk": 992, "fields": {"title": "маш", "dimension": "г"}}, {"model": "recipes.ingredient", "pk": 993, "fields": {"title": "мед", "dimension": "г"}}, {"model": "recipes.ingredient", "pk": 994, "fields": {"title": "мед акации", "dimension": "г"}}, {"model": "recipes.ingredient", "pk": 995, "fields": {"title": "мед гречишный", "dimension": "г"}}, {"model": "recipes.ingredient", "pk": 996, "fields": {"title": "мед жидкий", "dimension": "г"}}, {"model": "recipes.ingredient", "pk": 997, "fields": {"title": "мед лавандовый", "dimension": "г"}}, {"model": "recipes.ingredient", "pk": 998, "fields": {"title": "мелисса", "dimension": "г"}}, {"model": "recipes.ingredient", "pk": 999, "fields": {"title": "меренги", "dimension": "шт."}}, {"model": "recipes.ingredient", "pk": 1000, "fields": {"title": "мидии", "dimension": "г"}}, {"model": "recipes.ingredient", "pk": 1001, "fields": {"title": "мидии в раковинах", "dimension": "г"}}, {"model": "recipes.ingredient", "pk": 1002, "fields": {"title": "мидии в раковинах крупные черные", "dimension": "г"}}, {"model": "recipes.ingredient", "pk": 1003, "fields": {"title": "мидии в раковинах мелкие зеленые", "dimension": "г"}}, {"model": "recipes.ingredient", "pk": 1004, "fields": {"title": "мидии замороженные", "dimension": "шт."}}, {"model": "recipes.ingredient", "pk": 1005, "fields": {"title": "мидии копченые в масле", "dimension": "г"}}, {"model": "recipes.ingredient", "pk": 1006, "fields": {"title": "микрозелень", "dimension": "горсть"}}, {"model": "recipes.ingredient", "pk": 1007, "fields": {"title": "миндаль", "dimension": "г"}}, {"model": "recipes.ingredient", "pk": 1008, "fields": {"title": "миндаль жареный", "dimension": "г"}}, {"model": "recipes.ingredient", "pk": 1009, "fields": {"title": "миндаль измельченный", "dimension": "г"}}, {"model": "recipes.ingredient", "pk": 1010, "fields": {"title": "миндальная масса", "dimension": "г"}}, {"model": "recipes.ingredient", "pk": 1011, "fields": {"title": "миндальная мука", "dimension": "г"}}, {"model": "recipes.ingredient", "pk": 1012, "fields": {"title": "миндальная паста", "dimension": "г"}}, {"model": "recipes.ingredient", "pk": 1013, "fields": {"title": "миндальная эссенция", "dimension": "г"}}, {"model": "recipes.ingredient", "pk": 1014, "fields": {"title": "миндальное масло", "dimension": "г"}}, {"model": "recipes.ingredient", "pk": 1015, "fields": {"title": "миндальное молоко", "dimension": "г"}}, {"model": "recipes.ingredient", "pk": 1016, "fields": {"title": "миндальное печенье", "dimension": "г"}}, {"model": "recipes.ingredient", "pk": 1017, "fields": {"title": "миндальное пралине", "dimension": "г"}}, {"model": "recipes.ingredient", "pk": 1018, "fields": {"title": "миндальные лепестки", "dimension": "г"}}, {"model": "recipes.ingredient", "pk": 1019, "fields": {"title": "миндальный ликер", "dimension": "г"}}, {"model": "recipes.ingredient", "pk": 1020, "fields": {"title": "миндальный сироп", "dimension": "г"}}, {"model": "recipes.ingredient", "pk": 1021, "fields": {"title": "миндальный экстракт", "dimension": "капля"}}, {"model": "recipes.ingredient", "pk": 1022, "fields": {"title": "миндаль очищенный", "dimension": "г"}}, {"model": "recipes.ingredient", "pk": 1023, "fields": {"title": "миндаль рубленый", "dimension": "г"}}, {"model": "recipes.ingredient", "pk": 1024, "fields": {"title": "мини-кукуруза", "dimension": "шт."}}, {"model": "recipes.ingredient", "pk": 1025, "fields": {"title": "минога", "dimension": "г"}}, {"model": "recipes.ingredient", "pk": 1026, "fields": {"title": "минтай", "dimension": "г"}}, {"model": "recipes.ingredient", "pk": 1027, "fields": {"title": "минтай печень", "dimension": "г"}}, {"model": "recipes.ingredient", "pk": 1028, "fields": {"title": "минтай филе", "dimension": "г"}}, {"model": "recipes.ingredient", "pk": 1029, "fields": {"title": "мисо-паста", "dimension": "г"}}, {"model": "recipes.ingredient", "pk": 1030, "fields": {"title": "мисо-суп", "dimension": "пакет"}}, {"model": "recipes.ingredient", "pk": 1031, "fields": {"title": "можжевельник ягоды", "dimension": "г"}}, {"model": "recipes.ingredient", "pk": 1032, "fields": {"title": "мойва", "dimension": "г"}}, {"model": "recipes.ingredient", "pk": 1033, "fields": {"title": "моллюски", "dimension": "г"}}, {"model": "recipes.ingredient", "pk": 1034, "fields": {"title": "молоко", "dimension": "г"}}, {"model": "recipes.ingredient", "pk": 1035, "fields": {"title": "молоко 0,5%", "dimension": "г"}}, {"model": "recipes.ingredient", "pk": 1036, "fields": {"title": "молоко 1,5%", "dimension": "г"}}, {"model": "recipes.ingredient", "pk": 1037, "fields": {"title": "молоко 2,5%", "dimension": "г"}}, {"model": "recipes.ingredient", "pk": 1038, "fields": {"title": "молоко 3,2%", "dimension": "г"}}, {"model": "recipes.ingredient", "pk": 1039, "fields": {"title": "молоко 3,6%", "dimension": "г"}}, {"model": "recipes.ingredient", "pk": 1040, "fields": {"title": "молоко 4%", "dimension": "г"}}, {"model": "recipes.ingredient", "pk": 1041, "fields": {"title": "молоко 6%", "dimension": "г"}}, {"model": "recipes.ingredient", "pk": 1042, "fields": {"title": "молоко козье", "dimension": "г"}}, {"model": "recipes.ingredient", "pk": 1043, "fields": {"title": "молоко концентрированное", "dimension": "г"}}, {"model": "recipes.ingredient", "pk": 1044, "fields": {"title": "молоко рисовое", "dimension": "мл"}}, {"model": "recipes.ingredient", "pk": 1045, "fields": {"title": "молоко сгущенное", "dimension": "г"}}, {"model": "recipes.ingredient", "pk": 1046, "fields": {"title": "молоко сгущенное вареное", "dimension": "ст. л."}}, {"model": "recipes.ingredient", "pk": 1047, "fields": {"title": "молоко сгущенное с какао", "dimension": "г"}}, {"model": "recipes.ingredient", "pk": 1048, "fields": {"title": "молоко сухое", "dimension": "г"}}, {"model": "recipes.ingredient", "pk": 1049, "fields": {"title": "молоко сухое обезжиренное", "dimension": "ст. л."}}, {"model": "recipes.ingredient", "pk": 1050, "fields": {"title": "молоко топленое", "dimension": "г"}}, {"model": "recipes.ingredient", "pk": 1051, "fields": {"title": "молочная смесь", "dimension": "г"}}, {"model": "recipes.ingredient", "pk": 1052, "fields": {"title": "молочные продукты", "dimension": "г"}}, {"model": "recipes.ingredient", "pk": 1053, "fields": {"title": "морепродукты", "dimension": "шт."}}, {"model": "recipes.ingredient", "pk": 1054, "fields": {"title": "морковное пюре", "dimension": "г"}}, {"model": "recipes.ingredient", "pk": 1055, "fields": {"title": "морковь", "dimension": "г"}}, {"model": "recipes.ingredient", "pk": 1056, "fields": {"title": "морковь вареная", "dimension": "г"}}, {"model": "recipes.ingredient", "pk": 1057, "fields": {"title": "морковь крупная", "dimension": "г"}}, {"model": "recipes.ingredient", "pk": 1058, "fields": {"title": "морковь молодая", "dimension": "г"}}, {"model": "recipes.ingredient", "pk": 1059, "fields": {"title": "морковь по-корейски", "dimension": "г"}}, {"model": "recipes.ingredient", "pk": 1060, "fields": {"title": "морковь тертая", "dimension": "шт."}}, {"model": "recipes.ingredient", "pk": 1061, "fields": {"title": "мороженое", "dimension": "по вкусу"}}, {"model": "recipes.ingredient", "pk": 1062, "fields": {"title": "мороженое ванильное", "dimension": "г"}}, {"model": "recipes.ingredient", "pk": 1063, "fields": {"title": "мороженое клубничное", "dimension": "г"}}, {"model": "recipes.ingredient", "pk": 1064, "fields": {"title": "мороженое лимонное", "dimension": "по вкусу"}}, {"model": "recipes.ingredient", "pk": 1065, "fields": {"title": "мороженое малиновое", "dimension": "г"}}, {"model": "recipes.ingredient", "pk": 1066, "fields": {"title": "мороженое пломбир", "dimension": "г"}}, {"model": "recipes.ingredient", "pk": 1067, "fields": {"title": "мороженое шоколадное", "dimension": "мл"}}, {"model": "recipes.ingredient", "pk": 1068, "fields": {"title": "морошка", "dimension": "г"}}, {"model": "recipes.ingredient", "pk": 1069, "fields": {"title": "морские гребешки", "dimension": "кг"}}, {"model": "recipes.ingredient", "pk": 1070, "fields": {"title": "морской коктейль", "dimension": "г"}}, {"model": "recipes.ingredient", "pk": 1071, "fields": {"title": "морской коктейль в масле", "dimension": "упаковка"}}, {"model": "recipes.ingredient", "pk": 1072, "fields": {"title": "морской коктейль замороженный", "dimension": "г"}}, {"model": "recipes.ingredient", "pk": 1073, "fields": {"title": "морской черт", "dimension": "г"}}, {"model": "recipes.ingredient", "pk": 1074, "fields": {"title": "морской язык", "dimension": "г"}}, {"model": "recipes.ingredient", "pk": 1075, "fields": {"title": "морской язык филе", "dimension": "г"}}, {"model": "recipes.ingredient", "pk": 1076, "fields": {"title": "мортаделла", "dimension": "г"}}, {"model": "recipes.ingredient", "pk": 1077, "fields": {"title": "моцарелла", "dimension": "г"}}, {"model": "recipes.ingredient", "pk": 1078, "fields": {"title": "моцарелла для запекания", "dimension": "г"}}, {"model": "recipes.ingredient", "pk": 1079, "fields": {"title": "моцарелла для пиццы", "dimension": "г"}}, {"model": "recipes.ingredient", "pk": 1080, "fields": {"title": "моцарелла мини", "dimension": "г"}}, {"model": "recipes.ingredient", "pk": 1081, "fields": {"title": "моцарелла с травами", "dimension": "г"}}, {"model": "recipes.ingredient", "pk": 1082, "fields": {"title": "моцарелла шарик большой", "dimension": "г"}}, {"model": "recipes.ingredient", "pk": 1083, "fields": {"title": "мука", "dimension": "г"}}, {"model": "recipes.ingredient", "pk": 1084, "fields": {"title": "мука 1 сорт", "dimension": "г"}}, {"model": "recipes.ingredient", "pk": 1085, "fields": {"title": "мука 2 сорт", "dimension": "г"}}, {"model": "recipes.ingredient", "pk": 1086, "fields": {"title": "мука «Аладушкин»", "dimension": "г"}}, {"model": "recipes.ingredient", "pk": 1087, "fields": {"title": "мука грубого помола", "dimension": "г"}}, {"model": "recipes.ingredient", "pk": 1088, "fields": {"title": "мука для темпуры", "dimension": "г"}}, {"model": "recipes.ingredient", "pk": 1089, "fields": {"title": "мука из пророщенной пшеницы", "dimension": "ст. л."}}, {"model": "recipes.ingredient", "pk": 1090, "fields": {"title": "мука манитоба", "dimension": "г"}}, {"model": "recipes.ingredient", "pk": 1091, "fields": {"title": "мука самоподнимающаяся", "dimension": "г"}}, {"model": "recipes.ingredient", "pk": 1092, "fields": {"title": "мука с отрубями", "dimension": "ч. л."}}, {"model": "recipes.ingredient", "pk": 1093, "fields": {"title": "мука с семечками", "dimension": "г"}}, {"model": "recipes.ingredient", "pk": 1094, "fields": {"title": "мука хлебопекарная", "dimension": "г"}}, {"model": "recipes.ingredient", "pk": 1095, "fields": {"title": "мука цельнозерновая", "dimension": "г"}}, {"model": "recipes.ingredient", "pk": 1096, "fields": {"title": "мускат белый", "dimension": "мл"}}, {"model": "recipes.ingredient", "pk": 1097, "fields": {"title": "мускатное вино", "dimension": "г"}}, {"model": "recipes.ingredient", "pk": 1098, "fields": {"title": "мускатный орех", "dimension": "г"}}, {"model": "recipes.ingredient", "pk": 1099, "fields": {"title": "мускатный орех молотый", "dimension": "г"}}, {"model": "recipes.ingredient", "pk": 1100, "fields": {"title": "мюсли", "dimension": "г"}}, {"model": "recipes.ingredient", "pk": 1101, "fields": {"title": "мягкий творог", "dimension": "г"}}, {"model": "recipes.ingredient", "pk": 1102, "fields": {"title": "мясной бульон", "dimension": "г"}}, {"model": "recipes.ingredient", "pk": 1103, "fields": {"title": "мясной фарш", "dimension": "г"}}, {"model": "recipes.ingredient", "pk": 1104, "fields": {"title": "мясо", "dimension": "г"}}, {"model": "recipes.ingredient", "pk": 1105, "fields": {"title": "мясо дикого кабана", "dimension": "г"}}, {"model": "recipes.ingredient", "pk": 1106, "fields": {"title": "мясо криля", "dimension": "г"}}, {"model": "recipes.ingredient", "pk": 1107, "fields": {"title": "мясо на косточке", "dimension": "кг"}}, {"model": "recipes.ingredient", "pk": 1108, "fields": {"title": "мята", "dimension": "г"}}, {"model": "recipes.ingredient", "pk": 1109, "fields": {"title": "мята сушеная", "dimension": "г"}}, {"model": "recipes.ingredient", "pk": 1110, "fields": {"title": "мятный сироп", "dimension": "г"}}, {"model": "recipes.ingredient", "pk": 1111, "fields": {"title": "мятный шнапс", "dimension": "г"}}, {"model": "recipes.ingredient", "pk": 1112, "fields": {"title": "нардек", "dimension": "г"}}, {"model": "recipes.ingredient", "pk": 1113, "fields": {"title": "нектарины", "dimension": "шт."}}, {"model": "recipes.ingredient", "pk": 1114, "fields": {"title": "нога ягненка без кости", "dimension": "г"}}, {"model": "recipes.ingredient", "pk": 1115, "fields": {"title": "нори", "dimension": "г"}}, {"model": "recipes.ingredient", "pk": 1116, "fields": {"title": "нуга", "dimension": "г"}}, {"model": "recipes.ingredient", "pk": 1117, "fields": {"title": "нуга с орехами", "dimension": "г"}}, {"model": "recipes.ingredient", "pk": 1118, "fields": {"title": "нут", "dimension": "г"}}, {"model": "recipes.ingredient", "pk": 1119, "fields": {"title": "нутелла", "dimension": "г"}}, {"model": "recipes.ingredient", "pk": 1120, "fields": {"title": "нут консервированный", "dimension": "г"}}, {"model": "recipes.ingredient", "pk": 1121, "fields": {"title": "нутовая мука", "dimension": "г"}}, {"model": "recipes.ingredient", "pk": 1122, "fields": {"title": "облепиха", "dimension": "г"}}, {"model": "recipes.ingredient", "pk": 1123, "fields": {"title": "облепиха замороженная", "dimension": "г"}}, {"model": "recipes.ingredient", "pk": 1124, "fields": {"title": "облепиховый сироп", "dimension": "стакан"}}, {"model": "recipes.ingredient", "pk": 1125, "fields": {"title": "овощи", "dimension": "г"}}, {"model": "recipes.ingredient", "pk": 1126, "fields": {"title": "овощная смесь", "dimension": "г"}}, {"model": "recipes.ingredient", "pk": 1127, "fields": {"title": "овощная смесь замороженная", "dimension": "г"}}, {"model": "recipes.ingredient", "pk": 1128, "fields": {"title": "овощная смесь замороженная для wok", "dimension": "г"}}, {"model": "recipes.ingredient", "pk": 1129, "fields": {"title": "овощная смесь по-китайски", "dimension": "г"}}, {"model": "recipes.ingredient", "pk": 1130, "fields": {"title": "овощной бульон", "dimension": "по вкусу"}}, {"model": "recipes.ingredient", "pk": 1131, "fields": {"title": "овсяная мука", "dimension": "г"}}, {"model": "recipes.ingredient", "pk": 1132, "fields": {"title": "овсяное молоко", "dimension": "стакан"}}, {"model": "recipes.ingredient", "pk": 1133, "fields": {"title": "овсяное печенье", "dimension": "г"}}, {"model": "recipes.ingredient", "pk": 1134, "fields": {"title": "овсяное толокно", "dimension": "г"}}, {"model": "recipes.ingredient", "pk": 1135, "fields": {"title": "овсяные зерна", "dimension": "г"}}, {"model": "recipes.ingredient", "pk": 1136, "fields": {"title": "овсяные отруби", "dimension": "г"}}, {"model": "recipes.ingredient", "pk": 1137, "fields": {"title": "овсяные хлопья", "dimension": "г"}}, {"model": "recipes.ingredient", "pk": 1138, "fields": {"title": "овсяные хлопья быстрого приготовления", "dimension": "г"}}, {"model": "recipes.ingredient", "pk": 1139, "fields": {"title": "огуречный рассол", "dimension": "стакан"}}, {"model": "recipes.ingredient", "pk": 1140, "fields": {"title": "огурцы", "dimension": "г"}}, {"model": "recipes.ingredient", "pk": 1141, "fields": {"title": "огурцы консервированные", "dimension": "шт."}}, {"model": "recipes.ingredient", "pk": 1142, "fields": {"title": "огурцы малосольные", "dimension": "шт."}}, {"model": "recipes.ingredient", "pk": 1143, "fields": {"title": "огурцы маринованные", "dimension": "банка"}}, {"model": "recipes.ingredient", "pk": 1144, "fields": {"title": "огурцы свежие", "dimension": "г"}}, {"model": "recipes.ingredient", "pk": 1145, "fields": {"title": "огурцы соленые", "dimension": "г"}}, {"model": "recipes.ingredient", "pk": 1146, "fields": {"title": "одуванчики", "dimension": "г"}}, {"model": "recipes.ingredient", "pk": 1147, "fields": {"title": "окорок", "dimension": "г"}}, {"model": "recipes.ingredient", "pk": 1148, "fields": {"title": "окорок варено-копченый", "dimension": "г"}}, {"model": "recipes.ingredient", "pk": 1149, "fields": {"title": "окунь", "dimension": "г"}}, {"model": "recipes.ingredient", "pk": 1150, "fields": {"title": "окунь красный филе", "dimension": "г"}}, {"model": "recipes.ingredient", "pk": 1151, "fields": {"title": "окунь морской", "dimension": "г"}}, {"model": "recipes.ingredient", "pk": 1152, "fields": {"title": "окунь морской филе", "dimension": "г"}}, {"model": "recipes.ingredient", "pk": 1153, "fields": {"title": "окунь филе", "dimension": "г"}}, {"model": "recipes.ingredient", "pk": 1154, "fields": {"title": "оленина", "dimension": "г"}}, {"model": "recipes.ingredient", "pk": 1155, "fields": {"title": "оливки", "dimension": "г"}}, {"model": "recipes.ingredient", "pk": 1156, "fields": {"title": "оливки без косточек", "dimension": "г"}}, {"model": "recipes.ingredient", "pk": 1157, "fields": {"title": "оливки зеленые", "dimension": "по вкусу"}}, {"model": "recipes.ingredient", "pk": 1158, "fields": {"title": "оливки зеленые консервированные", "dimension": "банка"}}, {"model": "recipes.ingredient", "pk": 1159, "fields": {"title": "оливки каламата", "dimension": "г"}}, {"model": "recipes.ingredient", "pk": 1160, "fields": {"title": "оливки консервированные", "dimension": "г"}}, {"model": "recipes.ingredient", "pk": 1161, "fields": {"title": "оливки, фаршированные анчоусами", "dimension": "г"}}, {"model": "recipes.ingredient", "pk": 1162, "fields": {"title": "оливки черные", "dimension": "по вкусу"}}, {"model": "recipes.ingredient", "pk": 1163, "fields": {"title": "оливковая паста", "dimension": "г"}}, {"model": "recipes.ingredient", "pk": 1164, "fields": {"title": "оливковое масло", "dimension": "г"}}, {"model": "recipes.ingredient", "pk": 1165, "fields": {"title": "оливковое масло Extra Virgin", "dimension": "г"}}, {"model": "recipes.ingredient", "pk": 1166, "fields": {"title": "опунция плоды", "dimension": "г"}}, {"model": "recipes.ingredient", "pk": 1167, "fields": {"title": "опята", "dimension": "по вкусу"}}, {"model": "recipes.ingredient", "pk": 1168, "fields": {"title": "опята замороженные", "dimension": "г"}}, {"model": "recipes.ingredient", "pk": 1169, "fields": {"title": "опята маринованные", "dimension": "г"}}, {"model": "recipes.ingredient", "pk": 1170, "fields": {"title": "орегано", "dimension": "г"}}, {"model": "recipes.ingredient", "pk": 1171, "fields": {"title": "орегано свежий", "dimension": "г"}}, {"model": "recipes.ingredient", "pk": 1172, "fields": {"title": "орегано сушеный", "dimension": "г"}}, {"model": "recipes.ingredient", "pk": 1173, "fields": {"title": "орехи", "dimension": "г"}}, {"model": "recipes.ingredient", "pk": 1174, "fields": {"title": "орехи бразильские", "dimension": "г"}}, {"model": "recipes.ingredient", "pk": 1175, "fields": {"title": "орехи макадамия", "dimension": "г"}}, {"model": "recipes.ingredient", "pk": 1176, "fields": {"title": "орехи пекан", "dimension": "г"}}, {"model": "recipes.ingredient", "pk": 1177, "fields": {"title": "орехи пекан засахаренные", "dimension": ""}}, {"model": "recipes.ingredient", "pk": 1178, "fields": {"title": "орехи пинии", "dimension": "г"}}, {"model": "recipes.ingredient", "pk": 1179, "fields": {"title": "ореховая крошка", "dimension": "стакан"}}, {"model": "recipes.ingredient", "pk": 1180, "fields": {"title": "ореховая паста", "dimension": "шт."}}, {"model": "recipes.ingredient", "pk": 1181, "fields": {"title": "ореховое масло", "dimension": "ст. л."}}, {"model": "recipes.ingredient", "pk": 1182, "fields": {"title": "ореховый ликер", "dimension": "мл"}}, {"model": "recipes.ingredient", "pk": 1183, "fields": {"title": "ореховый соус", "dimension": "ст. л."}}, {"model": "recipes.ingredient", "pk": 1184, "fields": {"title": "осетр", "dimension": "г"}}, {"model": "recipes.ingredient", "pk": 1185, "fields": {"title": "осетрина холодного копчения", "dimension": "г"}}, {"model": "recipes.ingredient", "pk": 1186, "fields": {"title": "осьминог", "dimension": "г"}}, {"model": "recipes.ingredient", "pk": 1187, "fields": {"title": "осьминоги консервированные", "dimension": "г"}}, {"model": "recipes.ingredient", "pk": 1188, "fields": {"title": "осьминоги мини", "dimension": "г"}}, {"model": "recipes.ingredient", "pk": 1189, "fields": {"title": "отруби", "dimension": "г"}}, {"model": "recipes.ingredient", "pk": 1190, "fields": {"title": "ошеек", "dimension": "г"}}, {"model": "recipes.ingredient", "pk": 1191, "fields": {"title": "пагр", "dimension": "г"}}, {"model": "recipes.ingredient", "pk": 1192, "fields": {"title": "пажитник", "dimension": "г"}}, {"model": "recipes.ingredient", "pk": 1193, "fields": {"title": "пажитник семена", "dimension": "г"}}, {"model": "recipes.ingredient", "pk": 1194, "fields": {"title": "палтус", "dimension": "г"}}, {"model": "recipes.ingredient", "pk": 1195, "fields": {"title": "пальмовое масло", "dimension": "г"}}, {"model": "recipes.ingredient", "pk": 1196, "fields": {"title": "пангасиус", "dimension": "г"}}, {"model": "recipes.ingredient", "pk": 1197, "fields": {"title": "панеттоне", "dimension": "шт."}}, {"model": "recipes.ingredient", "pk": 1198, "fields": {"title": "Панифарин", "dimension": "г"}}, {"model": "recipes.ingredient", "pk": 1199, "fields": {"title": "панчетта", "dimension": "г"}}, {"model": "recipes.ingredient", "pk": 1200, "fields": {"title": "папайя", "dimension": "г"}}, {"model": "recipes.ingredient", "pk": 1201, "fields": {"title": "папайя консервированная в собственном соку", "dimension": "г"}}, {"model": "recipes.ingredient", "pk": 1202, "fields": {"title": "папоротник", "dimension": "г"}}, {"model": "recipes.ingredient", "pk": 1203, "fields": {"title": "папоротник соленый", "dimension": "упаковка"}}, {"model": "recipes.ingredient", "pk": 1204, "fields": {"title": "паппарделле", "dimension": "г"}}, {"model": "recipes.ingredient", "pk": 1205, "fields": {"title": "паприка", "dimension": "г"}}, {"model": "recipes.ingredient", "pk": 1206, "fields": {"title": "паприка копченая", "dimension": "ст. л."}}, {"model": "recipes.ingredient", "pk": 1207, "fields": {"title": "паприка красная", "dimension": "ст. л."}}, {"model": "recipes.ingredient", "pk": 1208, "fields": {"title": "паприка красная молотая", "dimension": "г"}}, {"model": "recipes.ingredient", "pk": 1209, "fields": {"title": "паприка острая копченая", "dimension": "г"}}, {"model": "recipes.ingredient", "pk": 1210, "fields": {"title": "паприка сладкая", "dimension": "г"}}, {"model": "recipes.ingredient", "pk": 1211, "fields": {"title": "паприка сладкая копченая", "dimension": "г"}}, {"model": "recipes.ingredient", "pk": 1212, "fields": {"title": "паприка сладкая хлопьями", "dimension": "ч. л."}}, {"model": "recipes.ingredient", "pk": 1213, "fields": {"title": "пармезан", "dimension": "г"}}, {"model": "recipes.ingredient", "pk": 1214, "fields": {"title": "паста", "dimension": "г"}}, {"model": "recipes.ingredient", "pk": 1215, "fields": {"title": "паста веджимайт", "dimension": "г"}}, {"model": "recipes.ingredient", "pk": 1216, "fields": {"title": "паста тахини", "dimension": "г"}}, {"model": "recipes.ingredient", "pk": 1217, "fields": {"title": "паста хариса", "dimension": "ст. л."}}, {"model": "recipes.ingredient", "pk": 1218, "fields": {"title": "пастернак", "dimension": "г"}}, {"model": "recipes.ingredient", "pk": 1219, "fields": {"title": "пастила", "dimension": "г"}}, {"model": "recipes.ingredient", "pk": 1220, "fields": {"title": "пастила виноградная", "dimension": "г"}}, {"model": "recipes.ingredient", "pk": 1221, "fields": {"title": "патиссоны", "dimension": "г"}}, {"model": "recipes.ingredient", "pk": 1222, "fields": {"title": "патока", "dimension": "г"}}, {"model": "recipes.ingredient", "pk": 1223, "fields": {"title": "патока крахмальная", "dimension": "г"}}, {"model": "recipes.ingredient", "pk": 1224, "fields": {"title": "патока черная (меласса)", "dimension": "г"}}, {"model": "recipes.ingredient", "pk": 1225, "fields": {"title": "пахта", "dimension": "г"}}, {"model": "recipes.ingredient", "pk": 1226, "fields": {"title": "паштет", "dimension": "г"}}, {"model": "recipes.ingredient", "pk": 1227, "fields": {"title": "пекарский порошок", "dimension": "г"}}, {"model": "recipes.tag", "pk": 1, "fields": {"name": "Завтрак", "slug": "Breakfast", "color": "orange"}}, {"model": "recipes.tag", "pk": 2, "fields": {"name": "Обед", "slug": "Lunch", "color": "green"}}, {"model": "recipes.tag", "pk": 3, "fields": {"name": "Ужин", "slug": "Dinner", "color": "purple"}}, {"model": "recipes.recipe", "pk": 1, "fields": {"name": "Тяфтельки по-курлыкски", "author": 7, "description": "Берем большую тяфтелю, отвариваем, прожариваем, едим.", "cooking_time": 5, "image": "recipes/Снимок_экрана_от_2021-03-17_23-46-14.png", "created": "2021-04-07T16:17:41.703Z", "tag": [1, 2]}}, {"model": "recipes.recipe", "pk": 2, "fields": {"name": "Суп по тяфски", "author": 6, "description": "Берем большую тяфтелю, отвариваем, прожариваем, едим.", "cooking_time": 5, "image": "recipes/Снимок_экрана_от_2021-03-17_23-46-14.png", "created": "2021-04-07T16:17:17.001Z", "tag": [1, 2]}}, {"model": "recipes.recipe", "pk": 3, "fields": {"name": "Тяфтельки по-скогски", "author": 7, "description": "Берем большую тяфтелю, отвариваем, прожариваем, едим.", "cooking_time": 5, "image": "recipes/Снимок_экрана_от_2021-03-17_23-46-14.png", "created": "2021-04-07T16:18:23.684Z", "tag": [1]}}, {"model": "recipes.recipe", "pk": 4, "fields": {"name": "Тяфтельки по-мурлыкски", "author": 6, "description": "Берем большую тяфтелю, отвариваем, прожариваем, едим.", "cooking_time": 5, "image": "recipes/Снимок_экрана_от_2021-03-17_23-46-14.png", "created": "2021-04-07T16:17:49.696Z", "tag": [1, 2, 3]}}, {"model": "recipes.recipe", "pk": 5, "fields": {"name": "Пельмени", "author": 7, "description": "Берем большую тяфтелю, отвариваем, прожариваем, едим.", "cooking_time": 5, "image": "recipes/Снимок_экрана_от_2021-03-17_23-46-14.png", "created": "2021-04-07T16:18:17.781Z", "tag": [1, 2, 3]}}, {"model": "recipes.recipe", "pk": 6, "fields": {"name": "Пирог", "author": 7, "description": "Берем большую тяфтелю, отвариваем, прожариваем, едим.", "cooking_time": 5, "image": "recipes/Снимок_экрана_от_2021-03-17_23-46-14.png", "created": "2021-04-07T16:18:00.242Z", "tag": [2, 3]}}, {"model": "recipes.recipe", "pk": 7, "fields": {"name": "Торт", "author": 7, "description": "Берем большую тяфтелю, отвариваем, прожариваем, едим.", "cooking_time": 5, "image": "recipes/Снимок_экрана_от_2021-03-17_23-46-14.png", "created": "2021-04-07T16:18:12.224Z", "tag": [1]}}, {"model": "recipes.recipe", "pk": 8, "fields": {"name": "Борщ", "author": 7, "description": "Берем большую тяфтелю, отвариваем, прожариваем, едим.", "cooking_time": 5, "image": "recipes/Снимок_экрана_от_2021-03-17_23-46-14.png", "created": "2021-04-07T16:18:08.010Z", "tag": [2]}}, {"model": "admin.logentry", "pk": 1, "fields": {"action_time": "2021-04-07T16:05:27.479Z", "user": 7, "content_type": 10, "object_id": "1", "object_repr": "Tag: Завтрак", "action_flag": 1, "change_message": "[{\"added\": {}}]"}}, {"model": "admin.logentry", "pk": 2, "fields": {"action_time": "2021-04-07T16:06:33.998Z", "user": 7, "content_type": 10, "object_id": "2", "object_repr": "Tag: Обед", "action_flag": 1, "change_message": "[{\"added\": {}}]"}}, {"model": "admin.logentry", "pk": 3, "fields": {"action_time": "2021-04-07T16:06:43.377Z", "user": 7, "content_type": 10, "object_id": "1", "object_repr": "Tag: Завтрак", "action_flag": 2, "change_message": "[{\"changed\": {\"fields\": [\"Check box style\"]}}]"}}, {"model": "admin.logentry", "pk": 4, "fields": {"action_time": "2021-04-07T16:07:01.924Z", "user": 7, "content_type": 10, "object_id": "3", "object_repr": "Tag: Ужин", "action_flag": 1, "change_message": "[{\"added\": {}}]"}}, {"model": "admin.logentry", "pk": 5, "fields": {"action_time": "2021-04-07T16:08:37.135Z", "user": 7, "content_type": 15, "object_id": "1", "object_repr": "Recipe name: Тяфтельки по-курлыкски, author: xardi", "action_flag": 1, "change_message": "[{\"added\": {}}]"}}, {"model": "admin.logentry", "pk": 6, "fields": {"action_time": "2021-04-07T16:09:26.697Z", "user": 7, "content_type": 4, "object_id": "1", "object_repr": "varg", "action_flag": 2, "change_message": "[{\"changed\": {\"fields\": [\"Superuser status\"]}}]"}}, {"model": "admin.logentry", "pk": 7, "fields": {"action_time": "2021-04-07T16:10:01.349Z", "user": 7, "content_type": 4, "object_id": "7", "object_repr": "xardi", "action_flag": 2, "change_message": "[{\"changed\": {\"fields\": [\"First name\", \"Last name\"]}}]"}}, {"model": "admin.logentry", "pk": 8, "fields": {"action_time": "2021-04-07T16:10:23.986Z", "user": 7, "content_type": 4, "object_id": "6", "object_repr": "selivan", "action_flag": 2, "change_message": "[{\"changed\": {\"fields\": [\"First name\", \"Last name\"]}}]"}}, {"model": "admin.logentry", "pk": 9, "fields": {"action_time": "2021-04-07T16:10:42.056Z", "user": 7, "content_type": 4, "object_id": "5", "object_repr": "vardeath", "action_flag": 2, "change_message": "[{\"changed\": {\"fields\": [\"First name\", \"Last name\"]}}]"}}, {"model": "admin.logentry", "pk": 10, "fields": {"action_time": "2021-04-07T16:17:17.015Z", "user": 7, "content_type": 15, "object_id": "2", "object_repr": "Recipe name: Суп по тяфски, author: selivan", "action_flag": 2, "change_message": "[{\"changed\": {\"fields\": [\"Authors recipe\", \"Tag\"]}}]"}}, {"model": "admin.logentry", "pk": 11, "fields": {"action_time": "2021-04-07T16:17:41.712Z", "user": 7, "content_type": 15, "object_id": "1", "object_repr": "Recipe name: Тяфтельки по-курлыкски, author: xardi", "action_flag": 2, "change_message": "[]"}}, {"model": "admin.logentry", "pk": 12, "fields": {"action_time": "2021-04-07T16:17:49.712Z", "user": 7, "content_type": 15, "object_id": "4", "object_repr": "Recipe name: Тяфтельки по-мурлыкски, author: selivan", "action_flag": 2, "change_message": "[{\"changed\": {\"fields\": [\"Authors recipe\", \"Tag\"]}}]"}}, {"model": "admin.logentry", "pk": 13, "fields": {"action_time": "2021-04-07T16:17:55.290Z", "user": 7, "content_type": 15, "object_id": "6", "object_repr": "Recipe name: Пирог, author: xardi", "action_flag": 2, "change_message": "[{\"changed\": {\"fields\": [\"Tag\"]}}]"}}, {"model": "admin.logentry", "pk": 14, "fields": {"action_time": "2021-04-07T16:18:00.252Z", "user": 7, "content_type": 15, "object_id": "6", "object_repr": "Recipe name: Пирог, author: xardi", "action_flag": 2, "change_message": "[]"}}, {"model": "admin.logentry", "pk": 15, "fields": {"action_time": "2021-04-07T16:18:08.026Z", "user": 7, "content_type": 15, "object_id": "8", "object_repr": "Recipe name: Борщ, author: xardi", "action_flag": 2, "change_message": "[{\"changed\": {\"fields\": [\"Tag\"]}}]"}}, {"model": "admin.logentry", "pk": 16, "fields": {"action_time": "2021-04-07T16:18:12.240Z", "user": 7, "content_type": 15, "object_id": "7", "object_repr": "Recipe name: Торт, author: xardi", "action_flag": 2, "change_message": "[{\"changed\": {\"fields\": [\"Tag\"]}}]"}}, {"model": "admin.logentry", "pk": 17, "fields": {"action_time": "2021-04-07T16:18:17.795Z", "user": 7, "content_type": 15, "object_id": "5", "object_repr": "Recipe name: Пельмени, author: xardi", "action_flag": 2, "change_message": "[{\"changed\": {\"fields\": [\"Tag\"]}}]"}}, {"model": "admin.logentry", "pk": 18, "fields": {"action_time": "2021-04-07T16:18:23.699Z", "user": 7, "content_type": 15, "object_id": "3", "object_repr": "Recipe name: Тяфтельки по-скогски, author: xardi", "action_flag": 2, "change_message": "[{\"changed\": {\"fields\": [\"Tag\"]}}]"}}, {"model": "auth.user", "pk": 1, "fields": {"password": "pbkdf2_sha256$216000$IkKQnRsYoZ2E$T4SA/Y7PfKIeRp9sLnVSgk2TlXVOJF8se7163uJ8Dgo=", "last_login": null, "is_superuser": false, "username": "varg", "first_name": "", "last_name": "", "email": "varg@yandex.ru", "is_staff": true, "is_active": true, "date_joined": "2021-01-27T12:57:37Z", "groups": [], "user_permissions": []}}, {"model": "auth.user", "pk": 5, "fields": {"password": "pbkdf2_sha256$216000$JKNVB47k6mND$OuTbNtHwF+ICBRTeP42CAjuHViO2NbRiGXvDiwEcVWI=", "last_login": "2021-04-05T15:46:25Z", "is_superuser": false, "username": "vardeath", "first_name": "Евгений", "last_name": "Скогольский", "email": "vardeath@yandex.ru", "is_staff": false, "is_active": true, "date_joined": "2021-01-28T11:29:13Z", "groups": [], "user_permissions": []}}, {"model": "auth.user", "pk": 6, "fields": {"password": "pbkdf2_sha256$216000$0J1cqCRPtfYe$Xde92CiMTaOoZL1HU8C3ygSB7AHWzLJr4LbOuSsC8vg=", "last_login": null, "is_superuser": false, "username": "selivan", "first_name": "Василий", "last_name": "Пупырышкин", "email": "xardi@curve.com", "is_staff": false, "is_active": true, "date_joined": "2021-01-28T14:08:47Z", "groups": [], "user_permissions": []}}, {"model": "auth.user", "pk": 7, "fields": {"password": "pbkdf2_sha256$216000$KHQDSqCWJty0$ncMrA5iXmht1f3ec+A2eP5wya0RTM7qmBtm5l3bfZKw=", "last_login": "2021-04-06T17:47:58Z", "is_superuser": true, "username": "xardi", "first_name": "Вячеслав", "last_name": "Малышев", "email": "xardi@bk.ru", "is_staff": true, "is_active": true, "date_joined": "2021-04-06T17:46:53Z", "groups": [], "user_permissions": []}}, {"model": "sessions.session", "pk": "fst69v90lxogpbo89wiw40279lwsfdxz", "fields": {"session_data": "e30:1l57Ei:jVscKVYvM1I9VMmlHruN5jU3QbyQ7itwqbbCSNVhmH0", "expire_date": "2021-02-11T13:21:24.378Z"}}, {"model": "sessions.session", "pk": "g7ozwg2vifp9kxc5jhrifu53qfjag6md", "fields": {"session_data": "e30:1l56sb:cWLBiyCkmX-97q6wVuIUNKRVVHacG4u7qEfJAIzDc7U", "expire_date": "2021-02-11T12:58:33.117Z"}}, {"model": "sessions.session", "pk": "ihyyq84bj4vz01omfzaxpa76yckjms83", "fields": {"session_data": "e30:1l57y3:wyDvQWWyu9sslqbK2Y6AJRwqbQ6G0fuUbiUu4rhm_fY", "expire_date": "2021-02-11T14:08:15.082Z"}}, {"model": "sessions.session", "pk": "oggfqnqdx4atgnxs5laju6pd0ii9es9i", "fields": {"session_data": ".eJxVjDsOwyAQRO9CHSEwrIGU6X0GtMsnOIlAMnYV5e6xJRdJM8W8N_NmHre1-K2nxc-RXZlhl9-OMDxTPUB8YL03Hlpdl5n4ofCTdj61mF630_07KNjLvh4yAAjlshRW5GwRFVmdCLQdbUCpKYMKUbu4R7Q4jOCClMYABSUkss8X4Ds30w:1lTpny:lUyAgG5WUmOaR13MKIsp4Tkn2yOjqtCqq867ynLjQ8w", "expire_date": "2021-04-20T17:47:58.631Z"}}, {"model": "sessions.session", "pk": "p7ieeiw6jfnqzm9zkyuv65wl4okdg6yc", "fields": {"session_data": "e30:1l56DN:BCsYDetZdoP-kMy9uwSn8-JiG7suw2nvT2kTATGXN74", "expire_date": "2021-02-11T12:15:57.156Z"}}, {"model": "sessions.session", "pk": "q1m61k7kkoyfvcsnpebj6wt88n5ul5bx", "fields": {"session_data": "e30:1l5MuL:RxeTgevECA5pgUzltzQ1dmn2bBfh5p-TGXve5tVyHQg", "expire_date": "2021-02-12T06:05:25.991Z"}}, {"model": "sessions.session", "pk": "t83w7grkjmp3ja4k56ruqxpmsesojg09", "fields": {"session_data": "e30:1l5653:brITy7e-5GRL9pLV4zCS4HaqsDpKHGgtKVrdMJmyhBU", "expire_date": "2021-02-11T12:07:21.204Z"}}, {"model": "sessions.session", "pk": "vflj90o1k5g51kxaieky30w2iomd4gws", "fields": {"session_data": "e30:1l573E:3FTTUODH36SR5KbstzxadktT3-DrXct2zWlla_89yDc", "expire_date": "2021-02-11T13:09:32.769Z"}}, {"model": "sessions.session", "pk": "zthkaf31y87u6ubwg7zi12j6g8swoql4", "fields": {"session_data": ".eJxVjMsOwiAQRf-FtSG8Cy7d-w1kGAapGkhKuzL-uzbpQrf3nHNfLMK21rgNWuKc2ZlZdvrdEuCD2g7yHdqtc-xtXebEd4UfdPBrz_S8HO7fQYVRv7UT2msZijVgApI3QhcFFoUpJmc52ZJIK_IBrZXoqCgvVco4OVJEBdj7A9PiODw:1l7jsk:JDcgqg2MfrqnDj9Ktth_8jKXB4d8dhYMQ2dGF1Uyslc", "expire_date": "2021-02-18T19:01:34.925Z"}}, {"model": "sites.site", "pk": 1, "fields": {"domain": "example.com", "name": "example.com"}}]